technology,Bottom storage temperature,C in fuel,C stored,CO2 intensity,CO2 stored,FOM,Motor size,Top storage temperature,VOM,ammonia-input,c_b,c_v,capacity,capture rate,capture_rate,carbondioxide-input,carbondioxide-output,clinker-input,coal-input,commodity,compression-electricity-input,compression-heat-output,discount rate,district heat surcharge,district heat-input,economic_lifetime,efficiency,efficiency-biochar,efficiency-biomass,efficiency-electricity,efficiency-heat,efficiency-hydrogen,efficiency-tot,electricity-input,energy to power ratio,fuel,gas-input,hbi-input,heat-input,heat-output,hydrogen-input,investment,lifetime,lohc-input,methane-input,methanol-input,min_fill_level,naphtha-input,nitrogen-input,oil-input,ore-input,p_nom_ratio,pelletizing cost,scrap-input,slag-input,standing_losses,temperature difference,wood-input,yield-biochar,capital_cost,marginal_cost,CO2 capture
Alkaline electrolyzer large size,,,,0.0,,2.8,,,0.2389,,,,,,,,,,,,,,0.07,,,,1.0,,,,,,,1.38,,0.0,,,,,,429030.6,40.0,,,,,,,,,,,,,0.0,,,,44194.072656428354,0.2389,
Alkaline electrolyzer medium size,,,,0.0,,2.3,,,0.2389,,,,,,,,,,,,,,0.07,,,,1.0,,,,,,,1.416,,0.0,,,,,,506033.2,20.0,,,,,,,,,,,,,0.0,,,,59404.71787122204,0.2389,
Alkaline electrolyzer small size,,,,0.0,,2.3,,,0.1934,,,,,,,,,,,,,,0.07,,,,1.0,,,,,,,1.41,,0.0,,,,,,582922.0,20.0,,,,,,,,,,,,,0.0,,,,68430.91906011007,0.1934,
Ammonia cracker,,,,0.0,,4.3,,,0.0,1.46,,,,,,,,,,,,,0.07,,,,1.0,,,,,,,,,0.0,,,,,,1123945.3807,25.0,,,,,,,,,,,,,0.0,,,,144775.98581574493,0.0,
BEV Bus city,,,,0.0,,0.0003,346.5517,,0.0952,,,,,,,,,,,,,,0.07,,,,0.8585,,,,,,,,,0.0,,,,,,222485.6452,12.0,,,,,,,,,,,,,0.0,,,,28012.052634810898,0.0952,
BEV Coach,,,,0.0,,0.0002,358.6207,,0.0952,,,,,,,,,,,,,,0.07,,,,0.8446,,,,,,,,,0.0,,,,,,303025.4488,12.0,,,,,,,,,,,,,0.0,,,,38152.11266789767,0.0952,
BEV Truck Semi-Trailer max 50 tons,,,,0.0,,0.0004,555.1724,,0.0952,,,,,,,,,,,,,,0.07,,,,1.3936,,,,,,,,,0.0,,,,,,151213.8954,10.5,,,,,,,,,,,,,0.0,,,,20814.213320789044,0.0952,
BEV Truck Solo max 26 tons,,,,0.0,,0.0002,382.7586,,0.0952,,,,,,,,,,,,,,0.07,,,,0.8755,,,,,,,,,0.0,,,,,,282418.6749,13.8,,,,,,,,,,,,,0.0,,,,32574.84650137543,0.0952,
BEV Truck Trailer max 56 tons,,,,0.0,,0.0003,710.3448,,0.0952,,,,,,,,,,,,,,0.07,,,,1.5446,,,,,,,,,0.0,,,,,,167722.8037,13.8,,,,,,,,,,,,,0.0,,,,19345.717684194806,0.0952,
Battery electric (passenger cars),,,,0.0,,0.9,,,0.0,,,,,,,,,,,,,,0.07,,,,0.68,,,,,,,,,0.0,,,,,,24624.0,15.0,,,,,,,,,,,,,0.0,,,,2925.198838637584,0.0,
Battery electric (trucks),,,,0.0,,15.0,,,0.0,,,,,,,,,,,,,,0.07,,,,1.0,,,,,,,,,0.0,,,,,,136400.0,15.0,,,,,,,,,,,,,0.0,,,,35435.98680921728,0.0,
BioSNG,,0.3402,0.6598,0.0,0.2419,1.6375,,,1.8078,,,,,0.9,,,,,,,,,0.07,,,,0.63,,,,,,,,,0.0,,,,,,1701440.0,25.0,,,,,,,,,,,,,0.0,,,,173862.5264199293,1.8078,
BtL,,0.2688,0.7312,0.0,0.2681,2.6667,,,1.1299,,,,,0.9,,,,,,,,,0.07,,,,0.3833,,,,,,,,,0.0,,,,,,3118433.3000000003,25.0,,,,,,,,,,,,,0.0,,,,350753.63520224707,1.1299,
CCGT,,,,0.198,,3.3494,,,4.4445,,2.0,0.15,,,,,,,,,,,0.07,,,,0.58,,,,,,,,,24.568,,,,,,878324.0,25.0,,,,,,,,,,,,,0.0,,,,104788.02078332388,46.803120689655174,
CH4 (g) fill compressor station,,,,0.0,,1.7,,,0.0,,,,,,,,,,,,,,0.07,,,,1.0,,,,,,,,,0.0,,,,,,1654.96,20.0,,,,,,,,,,,,,0.0,,,,184.3508363880584,0.0,
CH4 (g) pipeline,,,,0.0,,1.5,,,0.0,,,,,,,,,,,,,,0.07,,,,1.0,,,,,,,0.01,,0.0,,,,,,87.22,50.0,,,,,,,,,,,,,0.0,,,,7.628248076844581,0.0,
CH4 (g) submarine pipeline,,,,0.0,,3.0,,,0.0,,,,,,,,,,,,,,0.07,,,,1.0,,,,,,,0.01,,0.0,,,,,,119.3173,30.0,,,,,,,,,,,,,0.0,,,,13.194871083656306,0.0,
CH4 (l) transport ship,,,,0.0,,3.5,,,0.0,,,,58300.0,,,,,,,,,,0.07,,,,1.0,,,,,,,,,0.0,,,,,,159791465.6831,25.0,,,,,,,,,,,,,0.0,,,,19304489.616623547,0.0,
CH4 evaporation,,,,0.0,,3.5,,,0.0,,,,,,,,,,,,,,0.07,,,,1.0,,,,,,,,,0.0,,,,,,91110.1,30.0,,,,,,,,,,,,,0.0,,,,10531.088782537692,0.0,
CH4 liquefaction,,,,0.0,,3.5,,,0.0,,,,,,,,,,,,,,0.07,,,,1.0,,,,,,,0.036,,0.0,,,,,,241443.0,25.0,,1.0,,,,,,,,,,,0.0,,,,29168.853709309165,0.0,
CO2 liquefaction,,,,0.0,,5.0,,,0.0,,,,,,,1.0,,,,,,,0.07,,,,1.0,,,,,,,0.123,,0.0,,,0.0067,,,16.7226,25.0,,,,,,,,,,,,,0.0,,,,2.271104955274303,0.0,
CO2 pipeline,,,,0.0,,0.9,,,0.0,,,,,,,,,,,,,,0.07,,,,1.0,,,,,,,,,0.0,,,,,,2116.4433,50.0,,,,,,,,,,,,,0.0,,,,172.40515277711071,0.0,
CO2 storage tank,,,,0.0,,1.0,,,0.0,,,,,,,,,,,,,,0.07,,,,1.0,,,,,,,,,0.0,,,,,,2584.3462,25.0,,,,,,,,,,,,,0.0,,,,247.6075460992617,0.0,
CO2 submarine pipeline,,,,0.0,,0.5,,,0.0,,,,,,,,,,,,,,0.07,,,,1.0,,,,,,,,,0.0,,,,,,4232.8865,25.0,,,,,,,,,,,,,0.0,,,,384.39061240137295,0.0,
Charging infrastructure fast (purely) battery electric vehicles passenger cars,,,,0.0,,1.6,,,0.0,,,,,,,,,,,,,,0.07,,,,1.0,,,,,,,,,0.0,,,,,,448894.0,30.0,,,,,,,,,,,,,0.0,,,,43357.05701771675,0.0,
Charging infrastructure fuel cell vehicles passenger cars,,,,0.0,,2.2,,,0.0,,,,,,,,,,,,,,0.07,,,,1.0,,,,,,,,,0.0,,,,,,1787894.0,30.0,,,,,,,,,,,,,0.0,,,,183413.61531909462,0.0,
Charging infrastructure fuel cell vehicles trucks,,,,0.0,,2.2,,,0.0,,,,,,,,,,,,,,0.07,,,,1.0,,,,,,,,,0.0,,,,,,1787894.0,30.0,,,,,,,,,,,,,0.0,,,,183413.61531909462,0.0,
Charging infrastructure slow (purely) battery electric vehicles passenger cars,,,,0.0,,1.8,,,0.0,,,,,,,,,,,,,,0.07,,,,1.0,,,,,,,,,0.0,,,,,,1005.0,30.0,,,,,,,,,,,,,0.0,,,,99.07933552866675,0.0,
Compressed-Air-Adiabatic-bicharger,,,,0.0,,0.9265,,,0.0,,,,,,,,,,,,,,0.07,,,,0.7211,,,,,,,,,0.0,,,,,,946180.9426,60.0,,,,,,,,,,,,,0.0,,,,76162.10215746536,0.0,
Compressed-Air-Adiabatic-store,,,,0.0,,0.43,,,0.0,,,,,,,,,,,,,,0.07,,,,1.0,,,,,,,,,0.0,,,,,,5448.7894,60.0,,,,,,,,,,,,,0.0,,,,411.5428432947156,0.0,
Concrete-charger,,,,0.0,,1.075,,,0.0,,,,,,,,,,,,,,0.07,,,,0.99,,,,,,,,,0.0,,,,,,144192.2682,35.0,,,,,,,,,,,,,0.0,,,,12686.606707007051,0.0,
Concrete-discharger,,,,0.0,,0.2688,,,0.0,,,,,,,,,,,,,,0.07,,,,0.4343,,,,,,,,,0.0,,,,,,576769.073,35.0,,,,,,,,,,,,,0.0,,,,46096.51457909899,0.0,
Concrete-store,,,,0.0,,0.3308,,,0.0,,,,,,,,,,,,,,0.07,,,,1.0,,,,,,,,,0.0,,,,,,24044.2324,35.0,,,,,,,,,,,,,0.0,,,,1936.5695957520563,0.0,
"Container feeder, ammonia",,,,0.0,,0.0,,,0.0,,,,,,,,,,,,,,0.07,,,,0.7754,,,,,,,,,0.0,,,,,,38462833.2276,30.0,,,,,,,,,,,,,0.0,,,,3099581.3986599487,0.0,
"Container feeder, diesel",,,,0.0,,0.0,,,0.0,,,,,,,,,,,,,,0.07,,,,0.7718,,,,,,,,,0.0,,,,,,34966212.0251,30.0,,,,,,,,,,,,,0.0,,,,2817801.271509777,0.0,
"Container feeder, methanol",,,,0.0,,0.0,,,0.0,,,,,,,,,,,,,,0.07,,,,0.7711,,,,,,,,,0.0,,,,,,36802136.8043,30.0,,,,,,,,,,,,,0.0,,,,2965751.846582436,0.0,
"Container, ammonia",,,,0.0,,0.0,,,0.0,,,,,,,,,,,,,,0.07,,,,1.7094,,,,,,,,,0.0,,,,,,131618242.0136,31.0,,,,,,,,,,,,,0.0,,,,10502728.49693276,0.0,
"Container, diesel",,,,0.0,,0.0,,,0.0,,,,,,,,,,,,,,0.07,,,,1.6399,,,,,,,,,0.0,,,,,,119652947.2851,32.0,,,,,,,,,,,,,0.0,,,,9461307.389799202,0.0,
"Container, methanol",,,,0.0,,0.0,,,0.0,,,,,,,,,,,,,,0.07,,,,1.7001,,,,,,,,,0.0,,,,,,125635594.6493,32.0,,,,,,,,,,,,,0.0,,,,9934372.759284813,0.0,
Diesel Bus city,,,,0.0,,0.0004,250.0,,0.1068,,,,,,,,,,,,,,0.07,,,,2.0824,,,,,,,,,0.0,,,,,,150756.2732,12.0,,,,,,,,,,,,,0.0,,,,18981.11762319236,0.1068,
Diesel Coach,,,,0.0,,0.0003,350.0,,0.1068,,,,,,,,,,,,,,0.07,,,,2.2009,,,,,,,,,0.0,,,,,,231296.0768,12.0,,,,,,,,,,,,,0.0,,,,29121.329925454735,0.1068,
Diesel Truck Semi-Trailer max 50 tons,,,,0.0,,0.0005,380.0,,0.1068,,,,,,,,,,,,,,0.07,,,,3.2963,,,,,,,,,0.0,,,,,,142012.114,10.5,,,,,,,,,,,,,0.0,,,,19547.753209571532,0.1068,
Diesel Truck Solo max 26 tons,,,,0.0,,0.0004,254.1379,,0.1068,,,,,,,,,,,,,,0.07,,,,2.1867,,,,,,,,,0.0,,,,,,155444.0931,13.8,,,,,,,,,,,,,0.0,,,,17929.604955127565,0.1068,
Diesel Truck Trailer max 56 tons,,,,0.0,,0.0004,382.3529,,0.1068,,,,,,,,,,,,,,0.07,,,,3.3031,,,,,,,,,0.0,,,,,,177515.1425,13.8,,,,,,,,,,,,,0.0,,,,20475.37680657082,0.1068,
FCV Bus city,,,,0.0,,0.0002,390.6897,,0.0979,,,,,,,,,,,,,,0.07,,,,1.5899,,,,,,,,,0.0,,,,,,323056.5642,12.0,,,,,,,,,,,,,0.0,,,,40674.10999396668,0.0979,
FCV Coach,,,,0.0,,0.0002,390.6897,,0.0952,,,,,,,,,,,,,,0.07,,,,1.5761,,,,,,,,,0.0,,,,,,356840.1722,12.0,,,,,,,,,,,,,0.0,,,,44927.60099232433,0.0952,
FCV Truck Semi-Trailer max 50 tons,,,,0.0,,0.0004,513.7931,,0.0952,,,,,,,,,,,,,,0.07,,,,2.548,,,,,,,,,0.0,,,,,,139809.9795,10.5,,,,,,,,,,,,,0.0,,,,19244.49290847475,0.0952,
FCV Truck Solo max 26 tons,,,,0.0,,0.0002,381.0345,,0.0952,,,,,,,,,,,,,,0.07,,,,1.7064,,,,,,,,,0.0,,,,,,255992.8427,13.8,,,,,,,,,,,,,0.0,,,,29526.827711927792,0.0952,
FCV Truck Trailer max 56 tons,,,,0.0,,0.0002,381.0345,,0.0952,,,,,,,,,,,,,,0.07,,,,2.8363,,,,,,,,,0.0,,,,,,278063.892,13.8,,,,,,,,,,,,,0.0,,,,32072.555409738008,0.0952,
FT fuel transport ship,,,,0.0,,5.0,,,0.0,,,,75000.0,,,,,,,,,,0.07,,,,1.0,,,,,,,,,0.0,,,,,,35000000.0,15.0,,,,,,,,,,,,,0.0,,,,5592811.8645352265,0.0,
Fischer-Tropsch,,,,0.0,,3.0,,,4.4663,,,,,0.9,,0.326,,,,,,,0.07,,,,0.799,,,,,,,0.007,,0.0,,,,,1.421,703726.4462,20.0,,,,,,,,,,,,,0.0,,,,87538.5915657218,4.4663,
Gasnetz,,,,0.0,,2.5,,,0.0,,,,,,,,,,,,,,0.07,,,,1.0,,,,,,,,,0.0,,,,,,28000.0,30.0,,,,,,,,,,,,,0.0,,,,2956.419298311113,0.0,
General liquid hydrocarbon storage (crude),,,,0.0,,6.25,,,0.0,,,,,,,,,,,,,,0.07,,,,1.0,,,,,,,,,0.0,,,,,,137.8999,30.0,,,,,,,,,,,,,0.0,,,,19.731600735541882,0.0,
General liquid hydrocarbon storage (product),,,,0.0,,6.25,,,0.0,,,,,,,,,,,,,,0.07,,,,1.0,,,,,,,,,0.0,,,,,,172.3748,30.0,,,,,,,,,,,,,0.0,,,,24.664490187947088,0.0,
Gravity-Brick-bicharger,,,,0.0,,1.5,,,0.0,,,,,,,,,,,,,,0.07,,,,0.9274,,,,,,,,,0.0,,,,,,415570.5177,41.7,,,,,,,,,,,,,0.0,,,,37164.65513903668,0.0,
Gravity-Brick-store,,,,0.0,,0.0,,,0.0,,,,,,,,,,,,,,0.07,,,,1.0,,,,,,,,,0.0,,,,,,157381.7274,41.7,,,,,,,,,,,,,0.0,,,,11713.991555433204,0.0,
Gravity-Water-Aboveground-bicharger,,,,0.0,,1.5,,,0.0,,,,,,,,,,,,,,0.07,,,,0.9014,,,,,,,,,0.0,,,,,,365630.713,60.0,,,,,,,,,,,,,0.0,,,,31528.05320100989,0.0,
Gravity-Water-Aboveground-store,,,,0.0,,0.0,,,0.0,,,,,,,,,,,,,,0.07,,,,1.0,,,,,,,,,0.0,,,,,,121755.0274,60.0,,,,,,,,,,,,,0.0,,,,8672.516302435648,0.0,
Gravity-Water-Underground-bicharger,,,,0.0,,1.5,,,0.0,,,,,,,,,,,,,,0.07,,,,0.9014,,,,,,,,,0.0,,,,,,905158.9602,60.0,,,,,,,,,,,,,0.0,,,,78051.15609244893,0.0,
Gravity-Water-Underground-store,,,,0.0,,0.0,,,0.0,,,,,,,,,,,,,,0.07,,,,1.0,,,,,,,,,0.0,,,,,,95982.5211,60.0,,,,,,,,,,,,,0.0,,,,6836.760639492275,0.0,
H2 (g) fill compressor station,,,,0.0,,1.7,,,0.0,,,,,,,,,,,,,,0.07,,,,1.0,,,,,,,,,0.0,,,,,,4738.7164,20.0,,,,,,,,,,,,,0.0,,,,527.8594840635478,0.0,
H2 (g) pipeline,,,,0.0,,3.1667,,,0.0,,,,,,,,,,,,,,0.07,,,,1.0,,,,,,,0.019,,0.0,,,,,,303.6845,50.0,,,,,,,,,,,,,0.0,,,,31.621710239010987,0.0,
H2 (g) pipeline repurposed,,,,0.0,,3.1667,,,0.0,,,,,,,,,,,,,,0.07,,,,1.0,,,,,,,0.019,,0.0,,,,,,129.4682,50.0,,,,,,,,,,,,,0.0,,,,13.481115781563833,0.0,
H2 (g) submarine pipeline,,,,0.0,,3.0,,,0.0,,,,,,,,,,,,,,0.07,,,,1.0,,,,,,,0.019,,0.0,,,,,,456.1165,25.0,,,,,,,,,,,,,0.0,,,,52.82308777787972,0.0,
H2 (g) submarine pipeline repurposed,,,,0.0,,3.0,,,0.0,,,,,,,,,,,,,,0.07,,,,1.0,,,,,,,0.019,,0.0,,,,,,160.1562,30.0,,,,,,,,,,,,,0.0,,,,17.711098158006227,0.0,
H2 (l) storage tank,,,,0.0,,2.0,,,0.0,,,,,,,,,,,,,,0.07,,,,1.0,,,,,,,,,0.0,,,,,,793.7456,20.0,,,,,,,,,,,,,0.0,,,,90.79888147983591,0.0,
H2 (l) transport ship,,,,0.0,,4.0,,,0.0,,,,11000.0,,,,,,,,,,0.07,,,,1.0,,,,,,,,,0.0,,,,,,393737000.0,20.0,,,,,,,,,,,,,0.0,,,,52915467.40337226,0.0,
H2 evaporation,,,,0.0,,2.5,,,0.0,,,,,,,,,,,,,,0.07,,,,1.0,,,,,,,,,0.0,,,,,,146840.5,20.0,,,,,,,,,,,,,0.0,,,,17531.716912602533,0.0,
H2 liquefaction,,,,0.0,,2.5,,,0.0,,,,,,,,,,,,,,0.07,,,,1.0,,,,,,,0.203,,0.0,,,,,1.017,889942.6,20.0,,,,,,,,,,,,,0.0,,,,106252.85075755988,0.0,
H2 pipeline,,,,0.0,,3.0,,,0.0,,,,,,,,,,,,,,0.07,,,,1.0,,,,,,,,,0.0,,,,,,282.5452,40.0,,,,,,,,,,,,,0.0,,,,29.669828144872003,0.0,
H2 production biomass gasification,,,,0.0,,5.0,,,0.5118,,,,,,,,,,,,,,0.07,,,,1.0,,,,,,,0.097,,0.0,,,,,,1467939.9000000001,20.0,,,,,,,,,,,,,0.0,,1.804,,211960.1369762622,0.5118,
H2 production biomass gasification CC,,,,0.0,,5.0,,,0.5232,,,,,,,,,,,,,,0.07,,,,1.0,,,,,,,0.143,,0.0,,,,,,1489095.7000000002,20.0,,,,,,,,,,,,,0.0,,1.804,,215014.88483470137,0.5232,
H2 production coal gasification,,,,0.0,,6.0,,,0.5061,,,,,,,,,,1.62,,,,0.07,,,,1.0,,,,,,,0.02,,0.0,,,,,,399116.8,20.0,,,,,,,,,,,,,0.0,,,,61620.810465285824,0.5061,
H2 production coal gasification CC,,,,0.0,,7.56,,,0.1479,,,,,,,,,,1.62,,,,0.07,,,,1.0,,,,,,,0.023,,0.0,,,,,,413448.10000000003,20.0,,,,,,,,,,,,,0.0,,,,70283.25216199015,0.1479,
H2 production heavy oil partial oxidation,,,,0.0,,5.0,,,0.1592,,,,,,,,,,,,,,0.07,,,,1.0,,,,,,,0.063,,0.0,,,,,,491133.10000000003,25.0,,,,,,,1.3,,,,,,0.0,,,,66701.0403351889,0.1592,
H2 production natural gas steam reforming,,,,0.0,,4.9,,,204.7,,,,,,,,,,,,,,0.07,,,,1.0,,,,,,,0.02,,0.0,1.25,,,,,180051.8,20.0,,,,,,,,,,,,,0.0,,,,25818.15438733952,204.7,
H2 production natural gas steam reforming CC,,,,0.0,,6.0,,,79.60000000000001,,,,,,,,,,,,,,0.07,,,,1.0,,,,,,,0.039,,0.0,1.4,,,,,217586.3,20.0,,,,,,,,,,,,,0.0,,,,33593.78545864975,79.60000000000001,
H2 production solid biomass steam reforming,,,,0.0,,4.0,,,0.7393,,,,,,,,,,,,,,0.07,,,,1.0,,,,,,,0.044,,0.0,,,,,,590656.3999999999,20.0,,,,,,,,,,,,,0.0,,1.36,,79380.0417049787,0.7393,
HVAC overhead,,,,0.0,,2.0,,,0.0,,,,,,,,,,,,,,0.07,,,,1.0,,,,,,,,,0.0,,,,,,442.1414,40.0,,,,,,,,,,,,,0.0,,,,42.007473674372484,0.0,
HVDC inverter pair,,,,0.0,,2.0,,,0.0,,,,,,,,,,,,,,0.07,,,,1.0,,,,,,,,,0.0,,,,,,165803.0398,40.0,,,,,,,,,,,,,0.0,,,,15752.804034024939,0.0,
HVDC overhead,,,,0.0,,2.0,,,0.0,,,,,,,,,,,,,,0.07,,,,1.0,,,,,,,,,0.0,,,,,,442.1414,40.0,,,,,,,,,,,,,0.0,,,,42.007473674372484,0.0,
HVDC submarine,,,,0.0,,0.35,,,0.0,,,,,,,,,,,,,,0.07,,,,1.0,,,,,,,,,0.0,,,,,,1008.2934,25.0,,,,,,,,,,,,,0.0,,,,90.05120506418348,0.0,
HVDC underground,,,,0.0,,0.35,,,0.0,,,,,,,,,,,,,,0.07,,,,1.0,,,,,,,,,0.0,,,,,,1008.2934,40.0,,,,,,,,,,,,,0.0,,,,79.16024656594472,0.0,
Haber-Bosch,,,,0.0,,3.0,,,0.0225,,,,,,,,,,,,,,0.07,,,,1.0,,,,,,,0.2473,,0.0,,,,,1.1484,1460013.5,30.0,,,,,,0.1597,,,,,,,0.0,,,,161457.64204266973,0.0225,
HighT-Molten-Salt-charger,,,,0.0,,1.075,,,0.0,,,,,,,,,,,,,,0.07,,,,0.99,,,,,,,,,0.0,,,,,,144192.2682,35.0,,,,,,,,,,,,,0.0,,,,12686.606707007051,0.0,
HighT-Molten-Salt-discharger,,,,0.0,,0.2688,,,0.0,,,,,,,,,,,,,,0.07,,,,0.4444,,,,,,,,,0.0,,,,,,576769.073,35.0,,,,,,,,,,,,,0.0,,,,46096.51457909899,0.0,
HighT-Molten-Salt-store,,,,0.0,,0.3308,,,0.0,,,,,,,,,,,,,,0.07,,,,1.0,,,,,,,,,0.0,,,,,,94107.5489,35.0,,,,,,,,,,,,,0.0,,,,7579.606406170398,0.0,
Hydrogen fuel cell (passenger cars),,,,0.0,,1.1,,,0.0,,,,,,,,,,,,,,0.07,,,,0.48,,,,,,,,,0.0,,,,,,33226.0,15.0,,,,,,,,,,,,,0.0,,,,4013.5222003156414,0.0,
Hydrogen fuel cell (trucks),,,,0.0,,13.1,,,0.0,,,,,,,,,,,,,,0.07,,,,0.56,,,,,,,,,0.0,,,,,,116497.0,15.0,,,,,,,,,,,,,0.0,,,,28051.851393793153,0.0,
Hydrogen-charger,,,,0.0,,0.6345,,,0.0,,,,,,,,,,,,,,0.07,,,,0.6963,,,,,,,,,0.0,,,,,,347170.8209,30.0,,,,,,,,,,,,,0.0,,,,30180.046718941612,0.0,
Hydrogen-discharger,,,,0.0,,0.5812,,,0.0,,,,,,,,,,,,,,0.07,,,,0.4869,,,,,,,,,0.0,,,,,,379007.4464,30.0,,,,,,,,,,,,,0.0,,,,32745.638287783044,0.0,
Hydrogen-store,,,,0.0,,0.43,,,0.0,,,,,,,,,,,,,,0.07,,,,1.0,,,,,,,,,0.0,,,,,,4779.9527,30.0,,,,,,,,,,,,,0.0,,,,405.7529936562253,0.0,
LNG storage tank,,,,0.0,,2.0,,,0.0,,,,,,,,,,,,,,0.07,,,,1.0,,,,,,,,,0.0,,,,,,666.634,20.0,,,,,,,,,,,,,0.0,,,,76.25821365992951,0.0,
LOHC chemical,,,,0.0,,0.0,,,0.0,,,,,,,,,,,,,,0.07,,,,1.0,,,,,,,,,0.0,,,,,,2500.0,20.0,,,,,,,,,,,,,0.0,,,,235.98231435813918,0.0,
LOHC dehydrogenation,,,,0.0,,3.0,,,0.0,,,,,,,,,,,,,,0.07,,,,1.0,,,,,,,,,0.0,,,,,,53681.4988,20.0,,,,,,,,,,,,,0.0,,,,6677.598694015069,0.0,
LOHC dehydrogenation (small scale),,,,0.0,,3.0,,,0.0,,,,,,,,,,,,,,0.07,,,,1.0,,,,,,,,,0.0,,,,,,839000.0,20.0,,,,,,,,,,,,,0.0,,,,104365.6646985915,0.0,
LOHC hydrogenation,,,,0.0,,3.0,,,0.0,,,,,,,,,,,,,,0.07,,,,1.0,,,,,,,0.004,,0.0,,,,,1.867,54243.958,20.0,0.944,,,,,,,,,,,,0.0,,,,6747.564639514279,0.0,
LOHC loaded DBT storage,,,,0.0,,6.25,,,0.0,,,,,,,,,,,,,,0.07,,,,1.0,,,,,,,,,0.0,,,,,,151.5383,30.0,,,,,,,,,,,,,0.0,,,,21.68307034118782,0.0,
LOHC transport ship,,,,0.0,,5.0,,,0.0,,,,75000.0,,,,,,,,,,0.07,,,,1.0,,,,,,,,,0.0,,,,,,35000000.0,15.0,,,,,,,,,,,,,0.0,,,,5592811.8645352265,0.0,
LOHC unloaded DBT storage,,,,0.0,,6.25,,,0.0,,,,,,,,,,,,,,0.07,,,,1.0,,,,,,,,,0.0,,,,,,134.2745,30.0,,,,,,,,,,,,,0.0,,,,19.212855288252698,0.0,
Lead-Acid-bicharger,,,,0.0,,2.4427,,,0.0,,,,,,,,,,,,,,0.07,,,,0.8832,,,,,,,,,0.0,,,,,,128853.6139,12.0,,,,,,,,,,,,,0.0,,,,19370.43346213148,0.0,
Lead-Acid-store,,,,0.0,,0.2542,,,0.0,,,,,,,,,,,,,,0.07,,,,1.0,,,,,,,,,0.0,,,,,,320631.3818,12.0,,,,,,,,,,,,,0.0,,,,41183.17356636271,0.0,
Liquid fuels ICE (passenger cars),,,,0.0,,1.6,,,0.0,,,,,,,,,,,,,,0.07,,,,0.215,,,,,,,,,0.0,,,,,,24999.0,15.0,,,,,,,,,,,,,0.0,,,,3144.7398229004616,0.0,
Liquid fuels ICE (trucks),,,,0.0,,17.1,,,0.0,,,,,,,,,,,,,,0.07,,,,0.373,,,,,,,,,0.0,,,,,,105315.0,15.0,,,,,,,,,,,,,0.0,,,,29571.885900386496,0.0,
Liquid-Air-charger,,,,0.0,,0.366,,,0.0,,,,,,,,,,,,,,0.07,,,,0.99,,,,,,,,,0.0,,,,,,475721.2289,35.0,,,,,,,,,,,,,0.0,,,,38482.97389481083,0.0,
Liquid-Air-discharger,,,,0.0,,0.5212,,,0.0,,,,,,,,,,,,,,0.07,,,,0.55,,,,,,,,,0.0,,,,,,334017.033,35.0,,,,,,,,,,,,,0.0,,,,27538.354824797778,0.0,
Liquid-Air-store,,,,0.0,,0.3208,,,0.0,,,,,,,,,,,,,,0.07,,,,1.0,,,,,,,,,0.0,,,,,,159004.771,35.0,,,,,,,,,,,,,0.0,,,,12790.655372781,0.0,
Lithium-Ion-LFP-bicharger,,,,0.0,,2.1198,,,0.0,,,,,,,,,,,,,,0.07,,,,0.9193,,,,,,,,,0.0,,,,,,81553.4846,16.0,,,,,,,,,,,,,0.0,,,,10361.830810185164,0.0,
Lithium-Ion-LFP-store,,,,0.0,,0.0447,,,0.0,,,,,,,,,,,,,,0.07,,,,1.0,,,,,,,,,0.0,,,,,,236482.8109,16.0,,,,,,,,,,,,,0.0,,,,25139.221906036182,0.0,
Lithium-Ion-NMC-bicharger,,,,0.0,,2.1198,,,0.0,,,,,,,,,,,,,,0.07,,,,0.9193,,,,,,,,,0.0,,,,,,81553.4846,13.0,,,,,,,,,,,,,0.0,,,,11486.714367407989,0.0,
Lithium-Ion-NMC-store,,,,0.0,,0.038,,,0.0,,,,,,,,,,,,,,0.07,,,,1.0,,,,,,,,,0.0,,,,,,269576.8493,13.0,,,,,,,,,,,,,0.0,,,,32357.537859378997,0.0,
LowT-Molten-Salt-charger,,,,0.0,,1.075,,,0.0,,,,,,,,,,,,,,0.07,,,,0.99,,,,,,,,,0.0,,,,,,144192.2682,35.0,,,,,,,,,,,,,0.0,,,,12686.606707007051,0.0,
LowT-Molten-Salt-discharger,,,,0.0,,0.2688,,,0.0,,,,,,,,,,,,,,0.07,,,,0.5394,,,,,,,,,0.0,,,,,,576769.073,35.0,,,,,,,,,,,,,0.0,,,,46096.51457909899,0.0,
LowT-Molten-Salt-store,,,,0.0,,0.3308,,,0.0,,,,,,,,,,,,,,0.07,,,,1.0,,,,,,,,,0.0,,,,,,58041.2003,35.0,,,,,,,,,,,,,0.0,,,,4674.752012542314,0.0,
MeOH transport ship,,,,0.0,,5.0,,,0.0,,,,75000.0,,,,,,,,,,0.07,,,,1.0,,,,,,,,,0.0,,,,,,35000000.0,15.0,,,,,,,,,,,,,0.0,,,,5592811.8645352265,0.0,
Methanol steam reforming,,,,0.0,,4.0,,,0.0,,,,,,,,,,,,,,0.07,,,,1.0,,,,,,,,,0.0,,,,,,18016.8665,20.0,,,1.201,,,,,,,,,,0.0,,,,2421.3394016606508,0.0,
NH3 (l) storage tank incl. liquefaction,,,,0.0,,2.0,,,0.0,,,,,,,,,,,,,,0.07,,,,1.0,,,,,,,,,0.0,,,,,,166.8201,20.0,,,,,,,,,,,,,0.0,,,,19.083039311782485,0.0,
NH3 (l) transport ship,,,,0.0,,4.0,,,0.0,,,,53000.0,,,,,,,,,,0.07,,,,1.0,,,,,,,,,0.0,,,,,,81164200.0,20.0,,,,,,,,,,,,,0.0,,,,10907894.303610751,0.0,
Ni-Zn-bicharger,,,,0.0,,2.1198,,,0.0,,,,,,,,,,,,,,0.07,,,,0.9,,,,,,,,,0.0,,,,,,81553.4846,15.0,,,,,,,,,,,,,0.0,,,,10682.90500126711,0.0,
Ni-Zn-store,,,,0.0,,0.2262,,,0.0,,,,,,,,,,,,,,0.07,,,,1.0,,,,,,,,,0.0,,,,,,267837.874,15.0,,,,,,,,,,,,,0.0,,,,30013.008127533463,0.0,
OCGT,,,,0.198,,1.7795,,,4.762,,,,,,,,,,,,,,0.07,,,,0.41,,,,,,,,,24.568,,,,,,460580.4,25.0,,,,,,,,,,,,,0.0,,,,47718.67056370105,64.6839512195122,
PEM electrolyzer small size,,,,0.0,,3.0,,,0.0,,,,,,,,,,,,,,0.07,,,,1.0,,,,,,,1.33,,0.0,,,,,,1080538.4,7.0,,,,,,,,,,,,,0.0,,,,232913.5310551014,0.0,
PHS,,,,0.0,,1.0,,,0.0,,,,,,,,,,,,,,0.07,,,,0.75,,,,,,,,,0.0,,,,,,2274817.7,80.0,,,,,,,,,,,,,0.0,,,,182698.73459185107,0.0,
Pumped-Heat-charger,,,,0.0,,0.366,,,0.0,,,,,,,,,,,,,,0.07,,,,0.99,,,,,,,,,0.0,,,,,,761782.6727,33.0,,,,,,,,,,,,,0.0,,,,62518.03010026325,0.0,
Pumped-Heat-discharger,,,,0.0,,0.5212,,,0.0,,,,,,,,,,,,,,0.07,,,,0.63,,,,,,,,,0.0,,,,,,534868.6851,33.0,,,,,,,,,,,,,0.0,,,,44725.75435582686,0.0,
Pumped-Heat-store,,,,0.0,,0.1528,,,0.0,,,,,,,,,,,,,,0.07,,,,1.0,,,,,,,,,0.0,,,,,,11546.7963,33.0,,,,,,,,,,,,,0.0,,,,923.0054626289646,0.0,
Pumped-Storage-Hydro-bicharger,,,,0.0,,0.9951,,,0.0,,,,,,,,,,,,,,0.07,,,,0.8944,,,,,,,,,0.0,,,,,,1397128.4612,60.0,,,,,,,,,,,,,0.0,,,,113419.20353271118,0.0,
Pumped-Storage-Hydro-store,,,,0.0,,0.43,,,0.0,,,,,,,,,,,,,,0.07,,,,1.0,,,,,,,,,0.0,,,,,,57074.0625,60.0,,,,,,,,,,,,,0.0,,,,4310.759736764704,0.0,
SMR,,,,0.0,,5.0,,,0.0,,,,,,,,,,,,,,0.07,,,,0.76,,,,,,,,,0.0,,,,,,522201.0492,30.0,,,,,,,,,,,,,0.0,,,,68192.35692475682,0.0,
SMR CC,,,,0.0,,5.0,,,0.0,,,,,,0.9,,,,,,,,0.07,,,,0.69,,,,,,,,,0.0,,,,,,605753.2171,30.0,,,,,,,,,,,,,0.0,,,,79103.13403637432,0.0,
SOEC,,,,0.0,,4.0,,,0.0,,,,,,,,,,,,,,0.07,,,,1.0,,,,,,,1.19,,0.0,,,,,,2243545.2,30.0,,,,,,,,,,,,,0.0,,,,270541.0467826167,0.0,
Sand-charger,,,,0.0,,1.075,,,0.0,,,,,,,,,,,,,,0.07,,,,0.99,,,,,,,,,0.0,,,,,,144192.2682,35.0,,,,,,,,,,,,,0.0,,,,12686.606707007051,0.0,
Sand-discharger,,,,0.0,,0.2688,,,0.0,,,,,,,,,,,,,,0.07,,,,0.53,,,,,,,,,0.0,,,,,,576769.073,35.0,,,,,,,,,,,,,0.0,,,,46096.51457909899,0.0,
Sand-store,,,,0.0,,0.3308,,,0.0,,,,,,,,,,,,,,0.07,,,,1.0,,,,,,,,,0.0,,,,,,6700.8517,35.0,,,,,,,,,,,,,0.0,,,,539.6997272353548,0.0,
Steam methane reforming,,,,0.0,,3.0,,,0.0,,,,,,,,,,,,,,0.07,,,,1.0,,,,,,,,,0.0,,,,,,497454.611,30.0,,1.483,,,,,,,,,,,0.0,,,,55011.71634050884,0.0,
"Tank&bulk, diesel",,,,0.0,,0.0,,,0.0,,,,,,,,,,,,,,0.07,,,,0.462,,,,,,,,,0.0,,,,,,35129312.4041,25.0,,,,,,,,,,,,,0.0,,,,3014464.4670021646,0.0,
"Tank&bulk, methanol",,,,0.0,,0.0,,,0.0,,,,,,,,,,,,,,0.07,,,,0.4695,,,,,,,,,0.0,,,,,,36885778.0243,25.0,,,,,,,,,,,,,0.0,,,,3165187.690351844,0.0,
"Tankbulk, ammonia",,,,0.0,,0.0,,,0.0,,,,,,,,,,,,,,0.07,,,,0.471,,,,,,,,,0.0,,,,,,38642243.6445,25.0,,,,,,,,,,,,,0.0,,,,3315910.913701523,0.0,
Vanadium-Redox-Flow-bicharger,,,,0.0,,2.4395,,,0.0,,,,,,,,,,,,,,0.07,,,,0.8062,,,,,,,,,0.0,,,,,,129023.0526,12.0,,,,,,,,,,,,,0.0,,,,19391.776272858304,0.0,
Vanadium-Redox-Flow-store,,,,0.0,,0.2345,,,0.0,,,,,,,,,,,,,,0.07,,,,1.0,,,,,,,,,0.0,,,,,,258072.8586,12.0,,,,,,,,,,,,,0.0,,,,33097.06696904289,0.0,
Zn-Air-bicharger,,,,0.0,,2.4395,,,0.0,,,,,,,,,,,,,,0.07,,,,0.7937,,,,,,,,,0.0,,,,,,129023.0526,25.0,,,,,,,,,,,,,0.0,,,,14219.052245172143,0.0,
Zn-Air-store,,,,0.0,,0.1654,,,0.0,,,,,,,,,,,,,,0.07,,,,1.0,,,,,,,,,0.0,,,,,,174388.0144,25.0,,,,,,,,,,,,,0.0,,,,15252.76348856648,0.0,
Zn-Br-Flow-bicharger,,,,0.0,,2.1198,,,0.0,,,,,,,,,,,,,,0.07,,,,0.8307,,,,,,,,,0.0,,,,,,81553.4846,10.0,,,,,,,,,,,,,0.0,,,,13340.15224261339,0.0,
Zn-Br-Flow-store,,,,0.0,,0.2576,,,0.0,,,,,,,,,,,,,,0.07,,,,1.0,,,,,,,,,0.0,,,,,,412306.5947,10.0,,,,,,,,,,,,,0.0,,,,59765.285099356886,0.0,
Zn-Br-Nonflow-bicharger,,,,0.0,,2.4395,,,0.0,,,,,,,,,,,,,,0.07,,,,0.8888,,,,,,,,,0.0,,,,,,129023.0526,15.0,,,,,,,,,,,,,0.0,,,,17313.555006172217,0.0,
Zn-Br-Nonflow-store,,,,0.0,,0.2244,,,0.0,,,,,,,,,,,,,,0.07,,,,1.0,,,,,,,,,0.0,,,,,,239220.5823,15.0,,,,,,,,,,,,,0.0,,,,26801.945041065934,0.0,
air separation unit,,,,0.0,,3.0,,,0.0,,,,,,,,,,,,,,0.07,,,,1.0,,,,,,,0.25,,0.0,,,,,,820676.5784,30.0,,,,,,,,,,,,,0.0,,,,90755.67125106047,0.0,
allam,,,,0.0,,0.0,,,2.0,,,,,,,,,,,,,,0.07,,,,0.6,,,,,,,,,0.0,,,,,,1500000.0,30.0,,,,,,,,,,,,,0.0,,,,120879.60526666677,2.0,
ammonia carbon capture retrofit,,,,0.0,,5.0,,,0.0,,,,,,0.99,,,,,,,,0.07,,,,1.0,,,,,,,0.1,,0.0,,,,,,929753.03,20.0,,,,,,,,,,,,,0.0,,,,134249.76022035698,0.0,
battery inverter,,,,0.0,,0.3375,,,0.0,,,,,,,,,,,,,,0.07,,,,0.96,,,,,,,,,0.0,,,,,,170144.0,10.0,,,,,,,,,,,,,0.0,,,,24798.913824044732,0.0,
battery storage,,,,0.0,,0.0,,,0.0,,,,,,,,,,,,,,0.07,,,,1.0,,,,,,,,,0.0,,,,,,151002.80000000002,25.0,,,,,,,,,,,,,0.0,,,,12957.628369768725,0.0,
biochar pyrolysis,,,,0.0,,3.4167,,,823.497,,,,,,,,,,,,,,0.07,,,,1.0,0.404,,,0.4848,,,,,0.0,,,,,,154405680.0,25.0,,,,,,,,,,,,,0.0,,,0.0582,18525210.13116858,823.497,
biodiesel crops,,,,0.0,,0.0,,,0.0,,,,,,,,,,,,,,0.07,,,,1.0,,,,,,,,,137.6508,,,,,,0.0,25.0,,,,,,,,,,,,,0.0,,,,0.0,137.6508,
bioethanol crops,,,,0.1289,,0.0,,,0.0,,,,,,,,,,,,,,0.07,,,,1.0,,,,,,,,,82.4367,,,,,,0.0,25.0,,,,,,,,,,,,,0.0,,,,0.0,82.4367,
biogas,,,,0.0,0.0868,7.7769,,,0.0,,,,,0.9,,,,,,,,,0.07,,,,1.0,,,,,,,,,62.4351,,,,,,955186.5,20.0,,,,,,,,,,,,,0.0,,,,164446.74728396029,62.4351,
biogas CC,,,,0.0,0.0868,7.7769,,,0.0,,,,,0.9,,,,,,,,,0.07,,,,1.0,,,,,,,,,0.0,,,,,,955186.5,20.0,,,,,,,,,,,,,0.0,,,,164446.74728396029,0.0,
biogas manure,,,,0.0,,0.0,,,0.0,,,,,,,,,,,,,,0.07,,,,1.0,,,,,,,,,19.8676,,,,,,0.0,25.0,,,,,,,,,,,,,0.0,,,,0.0,19.8676,
biogas plus hydrogen,,,,0.0,,4.0,,,3.8282,,,,,,,,,,,,,,0.07,,,,1.0,,,,,,,,,0.0,,,,,,803930.3999999999,25.0,,,,,,,,,,,,,0.0,,,,101142.89943341658,3.8282,
biogas upgrading,,,,0.0,,17.0397,,,3.6704,,,,,,,,,,,,,,0.07,,,,1.0,,,,,,,,,0.0,,,,,,170206.8,20.0,,,,,,,,,,,,,0.0,,,,45069.04593299716,3.6704,
biomass,,,,0.0,,4.5269,,,0.0,,,,,,,,,,,,,,0.07,,,,0.468,,,,,,,,,7.4076,,,,,,2337611.6,30.0,,,,,,,,,,,,,0.0,,,,294201.05117025424,15.828205128205129,
biomass CHP,,,,0.0,,3.5822,,,2.222,,0.4564,1.0,,,,,,,,,,,0.07,,,,0.3003,,,,0.7083,,,,,0.0,,,,,,3397186.2,25.0,,,,,,,,,,,,,0.0,,,,413208.30897330755,2.222,
biomass CHP capture,,,,0.0,,3.0,,,0.0,,,,,,0.9,,,,,,0.085,0.14,0.07,,,,1.0,,,,,,,0.025,,0.0,,,0.72,0.72,,2700000.0,25.0,,,,,,,,,,,,,0.0,,,,312688.3964957971,0.0,
biomass EOP,,,,0.0,,3.5822,,,2.222,,0.4564,1.0,,,,,,,,,,,0.07,,,,0.3003,,,,0.7083,,,,,0.0,,,,,,3397186.2,25.0,,,,,,,,,,,,,0.0,,,,413208.30897330755,2.222,
biomass HOP,,,,0.0,,5.7529,,,2.9457,,,,,,,,,,,,,,0.07,,,,1.0323,,,,,,,,,0.0,,,,,,881102.0,25.0,,,,,,,,,,,,,0.0,,,,126296.7353021629,2.9457,
biomass boiler,,,,0.0,,7.4851,,,0.0,,,,,,,,,,,,,,0.07,,,,0.86,,,,,,,,,0.0,,,,,,687101.5,20.0,,,,,,,,,,9.0,,,0.0,,,,116287.75524407958,0.0,
biomass-to-methanol,,0.4129,0.5871,0.0,0.2153,1.3333,,,14.4653,,,,,0.9,,,,,,,,,0.07,,,,0.61,,,0.02,0.22,,,,,0.0,,,,,,3106329.1,20.0,,,,,,,,,,,,,0.0,,,,334632.1779607142,14.4653,
blast furnace-basic oxygen furnace,,,,0.0,,14.18,,,0.0,,,,,,,,,,1.43,,,,0.07,,,20.0,1.0,,,,,,,,,0.0,,,,,,7637406.0,40.0,,,,,,,,1.539,,,0.051,,0.0,,,,1655859.4180881446,0.0,
cement capture,,,,0.0,,3.0,,,0.0,,,,,,0.9,,,,,,0.085,0.14,0.07,,,,1.0,,,,,,,0.022,,0.0,,,0.72,1.54,,2600000.0,25.0,,,,,,,,,,,,,0.0,,,,301107.34477373055,0.0,
cement carbon capture retrofit,,,,0.0,,7.0,,,0.0,,,,,,0.9,,,,,,,,0.07,,,,1.0,,,,,,,0.16,,0.0,0.76,,,,,2587727.173,20.0,,,,,,,,,,,,,0.0,,,,425404.04099479393,0.0,
cement dry clinker,,,,0.0,,4.0,,,5.2911,,,,,,,,,,,,,,0.07,,,,1.0,,,,,,,0.0694,,0.0,0.0002,,0.9444,,,1158752.6816,30.0,,,,,,,,,,,,,0.0,,,,139729.81843299975,5.2911,
cement finishing,,,,0.0,,30.0,,,3.1747,,,,,,,,,0.656,,,,,0.07,,,,1.0,,,,,,,0.1736,,0.0,,,,,,92700.2145,25.0,,,,,,,,,,,,0.194,0.0,,,,35764.71770271165,3.1747,
central air-sourced heat pump,,,,0.0,,0.2336,,,2.6561,,,,,,,,,,,,,,0.07,,,,3.2,,,,,,,,,0.0,,,,,,906098.7999999999,25.0,,,,,,,,,,,,,0.0,,,,79869.45347782443,2.6561,
central coal CHP,,,,0.0,,1.6316,,,3.005,,1.01,0.15,,,,,,,,,,,0.07,,,,0.52,,,,,,,,,0.0,,,,,,1968794.7999999998,25.0,,,,,,,,,,,,,0.0,,,,201066.15604615686,3.005,
central excess-heat-sourced heat pump,,,,0.0,,0.3504,,,2.127,,,,,,,,,,,,,,0.07,,,,5.3,,,,,,,,,0.0,,,,,,604065.9,25.0,,,,,,,,,,,,,0.0,,,,53951.85422796686,2.127,
central gas CHP,,,,0.0,,3.3214,,,4.4445,,1.0,0.17,,,,,,,,,,,0.07,,,,0.41,,,,,,,,,0.0,,,,,,592604.1,25.0,,,,,,,,,1.0,,,,0.0,,,,70534.41690548703,4.4445,
central gas CHP CC,,,,0.0,,3.3214,,,4.4445,,1.0,,,,,,,,,,,,0.07,,,,0.41,,,,,,,,,0.0,,,,,,592604.1,25.0,,,,,,,,,,,,,0.0,,,,70534.41690548703,4.4445,
central gas boiler,,,,0.0,,3.8,,,1.0582,,,,,,,,,,,,,,0.07,,,,1.04,,,,,,,,,0.0,,,,,,52911.1,25.0,,,,,,,,,,,,,0.0,,,,6550.95065771436,1.0582,
central geothermal heat source,,,,0.0,,0.8437,,,4.86,,,,,,,,,,,,,,0.07,,,,1.0,,,,,,,,,0.0,,,,,,2822240.4,30.0,,,,,,,,,,,,,0.0,,,,251245.44593455983,4.86,
central ground-sourced heat pump,,,,0.0,,0.394,,,1.3268,,,,,,,,,,,,,,0.07,,,,1.73,,,,,,,,,0.0,,,,,,537153.2999999999,25.0,,,,,,,,,,,,,0.0,,,,48209.78650178735,1.3268,
central hydrogen CHP,,,,0.0,,5.0,,,0.0,,1.25,,,,,,,,,,,,0.07,,,,0.5,,,,,,,,,0.0,,,,,,1164043.7999999998,10.0,,,,,,,,,,,,,0.0,,,,223935.83930927186,0.0,
central resistive heater,,,,0.0,,1.7,,,1.0582,,,,,,,,,,,,,,0.07,,,,0.99,,,,,,,,,0.0,,,,,,63493.299999999996,20.0,,,,,,,,,,,,,0.0,,,,7072.7044520942545,1.0582,
central solar thermal,,,,0.0,,1.4,,,0.0,,,,,,,,,,,,,,0.07,,,,1.0,,,,,,,,,0.0,,,,,,148151.0278,20.0,,,,,,,,,,,,,0.0,,,,16058.523355112407,0.0,
central solid biomass CHP,,,,0.0,,2.8661,,,4.8512,,0.3506,1.0,,,,,,,,,,,0.07,,,,0.2699,,,,0.8245,,,,,0.0,,,,,,3544501.6999999997,25.0,,,,,,,,,1.0,,,,0.0,,,,405744.48739022843,4.8512,
central solid biomass CHP CC,,,,0.0,,2.8661,,,4.8512,,0.3506,1.0,,,,,,,,,,,0.07,,,,0.2699,,,,0.8245,,,,,0.0,,,,,,5207528.2,25.0,,,,,,,,,,,,,0.0,,,,596113.6540234017,4.8512,
central solid biomass CHP powerboost CC,,,,0.0,,2.8661,,,4.8512,,0.3506,1.0,,,,,,,,,,,0.07,,,,0.2699,,,,0.8245,,,,,0.0,,,,,,3544501.6999999997,25.0,,,,,,,,,,,,,0.0,,,,405744.48739022843,4.8512,
central water pit charger,,,,0.0,,0.0,,,0.0,,,,,,,,,,,,,,0.07,,,,1.0,,,,,,,,,0.0,,,,,,0.0,25.0,,,,,,,,,,,,,0.0,,,,0.0,0.025,
central water pit discharger,,,,0.0,,0.0,,,0.0,,,,,,,,,,,,,,0.07,,,,1.0,,,,,,,,,0.0,,,,,,0.0,25.0,,,,,,,,,,,,,0.0,,,,0.0,0.0,
central water pit storage,35.0,,,0.0,,0.2354,,90.0,0.0,,,,,,,,,,,,,,0.07,,,,1.0,,,,,,,,30.0,0.0,,,,,,1062.2,30.0,,,,,,,,,,,,,0.0078,,,,88.09929660950229,0.0,
central water tank charger,,,,0.0,,0.0,,,0.0,,,,,,,,,,,,,,0.07,,,,1.0,,,,,,,,,0.0,,,,,,0.0,25.0,,,,,,,,,,,,,0.0,,,,0.0,0.0,
central water tank discharger,,,,0.0,,0.0,,,0.0,,,,,,,,,,,,,,0.07,,,,1.0,,,,,,,,,0.0,,,,,,0.0,25.0,,,,,,,,,,,,,0.0,,,,0.0,0.0,
central water tank storage,,,,0.0,,1.0,,,0.0,,,,,,,,,,,,,,0.07,,,,1.0,,,,,,,,60.3448,0.0,,,,,,3036.1,40.0,,,,,,,,,,,,,0.0077,55.0,,,258.09624653416824,0.0,
clean water tank storage,,,,0.0,,2.0,,,0.0,,,,,,,,,,,,,,0.07,,,,1.0,,,,,,,,,0.0,,,,,,69.1286,30.0,,,,,,,,,,,,,0.0,,,,6.953397253758201,0.0,
coal,,,,0.3361,,1.31,,,3.2612,,,,,,,,,,,,,,0.07,,,,0.356,,,,,,,,,9.5542,,,,,,3827162.9,40.0,,,,,,,,,,,,,0.0,,,,120046.05777149837,1.1609871999999999,
csp-tower,,,,0.0,,1.1,,,0.0,,,,,,,,,,,,,,0.07,,,,1.0,,,,,,,,,0.0,,,,,,108370.0,30.0,,,,,,,,,,,,,0.0,,,,9925.218548499119,0.0,
csp-tower TES,,,,0.0,,1.1,,,0.0,,,,,,,,,,,,,,0.07,,,,1.0,,,,,,,,,0.0,,,,,,14520.0,30.0,,,,,,,,,,,,,0.0,,,,1329.8345789813343,0.0,
csp-tower power block,,,,0.0,,1.1,,,0.0,,,,,,,,,,,,,,0.07,,,,1.0,,,,,,,,,0.0,,,,,,759170.0,30.0,,,,,,,,,,,,,0.0,,,,69529.64995353027,0.0,
decentral CHP,,,,0.0,,3.0,,,0.0,,,,,,,,,,,,,,0.04,,,,1.0,,,,,,,,,0.0,,,,,,1481510.2999999998,25.0,,,,,,,,,,,,,0.0,,,,139279.69119134915,0.0,
decentral air-sourced heat pump,,,,0.0,,3.0014,,,0.0,,,,,,,,,,,,,,0.04,,,,3.6,,,,,,,,,0.0,,,,,,899488.3999999999,18.0,,,,,,,,,,,,,0.0,,,,98050.82718079357,0.0,
decentral gas boiler,,,,0.0,,6.6924,,,0.0,,,,,,,,,,,,,,0.04,,,,0.98,,,,,,,,,0.0,,,,,,314103.5,20.0,,,,,,,,,,,,,0.0,,,,44133.34794834846,0.0,
decentral gas boiler connection,,,,0.0,,0.0,,,0.0,,,,,,,,,,,,,,0.07,,,,1.0,,,,,,,,,0.0,,,,,,196314.69999999998,50.0,,,,,,,,,,,,,0.0,,,,14224.933624413217,0.0,
decentral ground-sourced heat pump,,,,0.0,,1.8223,,,0.0,,,,,,,,,,,,,,0.04,,,,3.9,,,,,,,,,0.0,,,,,,1481510.2999999998,20.0,,,,,,,,,,,,,0.0,,,,136009.683200792,0.0,
decentral oil boiler,,,,0.0,,2.0,,,0.0,,,,,,,,,,,,,,0.07,,,,0.9,,,,,,,,,0.0,,,,,,165097.5,20.0,,,,,,,,,,,,,0.0,,,,18885.986057897153,0.0,
decentral resistive heater,,,,0.0,,2.0,,,0.0,,,,,,,,,,,,,,0.04,,,,0.9,,,,,,,,,0.0,,,,,,105822.2,20.0,,,,,,,,,,,,,0.0,,,,9903.026699626227,0.0,
decentral solar thermal,,,,0.0,,1.3,,,0.0,,,,,,,,,,,,,,0.04,,,,1.0,,,,,,,,,0.0,,,,,,285719.8393,20.0,,,,,,,,,,,,,0.0,,,,24738.123790208556,0.0,
decentral water tank charger,,,,0.0,,0.0,,,0.0,,,,,,,,,,,,,,0.07,,,,1.0,,,,,,,,,0.0,,,,,,0.0,25.0,,,,,,,,,,,,,0.0,,,,0.0,0.0,
decentral water tank discharger,,,,0.0,,0.0,,,0.0,,,,,,,,,,,,,,0.07,,,,1.0,,,,,,,,,0.0,,,,,,0.0,25.0,,,,,,,,,,,,,0.0,,,,0.0,0.0,
decentral water tank storage,,,,0.0,,1.0,,,1.0241,,,,,,,,,,,,,,0.04,,,,1.0,,,,,,,,0.15,0.0,,,,,,419862.19999999995,30.0,,,,,,,,,,,,,2.1,30.0,,,28479.294648477127,1.0241,
digestible biomass,,,,0.0,,0.0,,,0.0,,,,,,,,,,,,,,0.07,,,,1.0,,,,,,,,,17.0611,,,,,,0.0,25.0,,,,,,,,,,,,,0.0,,,,0.0,17.0611,
digestible biomass to hydrogen,,,,0.0,,4.25,,,0.0,,,,,0.9,,,,,,,,,0.07,,,,0.39,,,,,,,,,0.0,,,,,,3707479.5,25.0,,,,,,,,,,,,,0.0,,,,475708.6122300147,0.0,
direct air capture,,,,0.0,,4.95,,,0.0,,,,,,,,,,,,0.15,0.2,0.07,,,,1.0,,,,,,,0.4,,0.0,,,1.6,1.0,,6000000.0,20.0,,,,,,,,,,,,,0.0,,,,863357.5544595341,0.0,
direct firing gas,,,,0.0,,1.1818,,,0.2794,,,,,,,,,,,,,,0.07,,,,1.0,,,,,,,,,0.0,,,,,,15105.0,15.0,,,,,,,,,,,,,0.0,,,,1836.958696108703,0.2794,
direct firing gas CC,,,,0.0,,1.1818,,,0.2794,,,,,,,,,,,,,,0.07,,,,1.0,,,,,,,,,0.0,,,,,,15105.0,15.0,,,,,,,,,,,,,0.0,,,,1836.958696108703,0.2794,
direct firing solid fuels,,,,0.0,,1.5,,,0.3326,,,,,,,,,,,,,,0.07,,,,1.0,,,,,,,,,0.0,,,,,,221540.0,15.0,,,,,,,,,,,,,0.0,,,,27647.001156260976,0.3326,
direct firing solid fuels CC,,,,0.0,,1.5,,,0.3326,,,,,,,,,,,,,,0.07,,,,1.0,,,,,,,,,0.0,,,,,,221540.0,15.0,,,,,,,,,,,,,0.0,,,,27647.001156260976,0.3326,
dry bulk carrier Capesize,,,,0.0,,4.0,,,0.0,,,,180000.0,,,,,,,,,,0.07,,,,1.0,,,,,,,,,0.0,,,,,,40000000.0,25.0,,,,,,,,,,,,,0.0,,,,5032420.688826624,0.0,
electric arc furnace,,,,0.0,,30.0,,,0.0,,,,,,,,,,,,,,0.07,,,20.0,1.0,,,,,,,0.6395,,0.0,,1.0,,,,1839600.0,40.0,,,,,,,,,,,,,0.0,,,,689866.8118718936,0.0,
electric arc furnace with hbi and scrap,,,,0.0,,30.0,,,0.0,,,,,,,,,,,,,,0.07,,,20.0,1.0,,,,,,,0.6395,,0.0,,0.37,,,,1839600.0,40.0,,,,,,,,,,,0.71,,0.0,,,,689866.8118718936,0.0,
electric boiler steam,,,,0.0,,1.4571,,,0.8811,,,,,,,,,,,,,,0.07,,,,0.99,,,,,,,,,0.0,,,,,,70490.0,25.0,,,,,,,,,,,,,0.0,,,,7075.893148884718,0.8811,
electric steam cracker,,,,0.0,,3.0,,,190.4799,,,,,,,,0.55,,,,,,0.07,,,,1.0,,,,,,,2.7,,0.0,,,,,,11124025.7434,30.0,,,,,14.8,,,,,,,,0.0,,,,1230165.9995276209,190.4799,
electricity distribution grid,,,,0.0,,2.0,,,0.0,,,,,,,,,,,,,,0.07,,,,1.0,,,,,,,,,0.0,,,,,,529110.8,40.0,,,,,,,,,,,,,0.0,,,,50270.361476727056,0.0,
electricity grid connection,,,,0.0,,2.0,,,0.0,,,,,,,,,,,,,,0.07,,,,1.0,,,,,,,,,0.0,,,,,,148151.0,40.0,,,,,,,,,,,,,0.0,,,,14075.698933264242,0.0,
electrobiofuels,,0.9269,,0.0,,2.6667,,,4.2296,,,,,0.9,,,,,,,,,0.07,,,,1.0,,1.3217,,,1.2142,0.6328,,,0.0,,,,,,466206992.09999996,25.0,,,,,,,,,,,,,0.0,,,,52437804.982322454,4.2296,
electrolysis,,,,0.0,,4.0,,,0.0,,,,,,,,,,,,,,0.07,,,,0.68,,,,0.2228,,,,,0.0,,,,,,1500000.0,25.0,,,,,,,,,,,,,0.0,,,,188715.7758309984,0.0,
electrolysis small,,,,0.0,,4.0,,,0.0,,,,,,,,,,,,,,0.07,,,,0.6217,,,,0.2228,,,,,0.0,,,,,,875000.0,25.0,,,,,,,,,,,,,0.0,,,,110084.2025680824,0.0,
ethanol carbon capture retrofit,,,,0.0,,7.0,,,0.0,,,,,,0.94,,,,,,,,0.07,,,,1.0,,,,,,,0.12,,0.0,,,,,,928559.735,20.0,,,,,,,,,,,,,0.0,,,,152648.65156403216,0.0,
ethanol from starch crop,,,,0.0,,16.4,,,26.3497,,,,,,,,,,,,,,0.07,,,,0.58,,,,,,,,,0.0,,,,,,603376.8073,20.0,,,,,,,,,,,,,0.0,,,,155908.2985638716,26.3497,
ethanol from sugar crops,,,,0.0,,19.51,,,23.1751,,,,,,,,,,,,,,0.07,,,,0.45,,,,,,,,,0.0,,,,,,446537.78,20.0,,,,,,,,,,,,,0.0,,,,129269.52838709825,23.1751,
fuel cell,,,,0.0,,5.0,,,0.0,,1.25,,,,,,,,,,,,0.07,,,,0.5,,,,,,,,,0.0,,,,,,1164043.7999999998,10.0,,,,,,,,,,,,,0.0,,,,223935.83930927186,0.0,
fuelwood,,,,0.0,,0.0,,,0.0,,,,,,,,,,,,,,0.07,,,,1.0,,,,,,,,,14.5224,,,,,,0.0,25.0,,,,,,,,,,,,,0.0,,,,0.0,14.5224,
gas,,,,0.198,,0.0,,,0.0,,,,,,,,,,,,,,0.07,,,,1.0,,,,,,,,,24.568,,,,,,0.0,25.0,,,,,,,,,,,,,0.0,,,,0.0,24.568,
gas boiler steam,,,,0.0,,4.18,,,1.007,,,,,,,,,,,,,,0.07,,,,0.93,,,,,,,,,0.0,,,,,,45772.7,25.0,,,,,,,,,,,,,0.0,,,,5841.07792158636,1.007,
gas storage,,,,0.0,,0.5368,,,0.0,,,,,,,,,,,,,,0.07,,,,1.0,,,,,,,,,0.0,,,,,,236.6,100.0,,,,,,,,,,,,,0.0,,,,17.851177705084,0.0,
gas storage charger,,,,0.0,,0.0,,,0.0,,,,,,,,,,,,,,0.07,,,,1.0,,,,,,,,,0.0,,,,,,15247.9,25.0,,,,,,,,,,,,,0.0,,,,1308.430185528987,0.0,
gas storage discharger,,,,0.0,,0.0,,,0.0,,,,,,,,,,,,,,0.07,,,,1.0,,,,,,,,,0.0,,,,,,5082.6,25.0,,,,,,,,,,,,,0.0,,,,436.140534825755,0.0,
geothermal,,,,0.12,,2.0,,,0.0,,,,,,,,,,,,,,0.07,25.0,0.8,,1.0,,,,,,,,,0.0,,,,,,0.0,30.0,,,,,,,,,,,,,0.0,,,,0.0,0.0,
helmeth,,,,0.0,,3.0,,,0.0,,,,,,,,,,,,,,0.07,,,,0.8,,,,,,,,,0.0,,,,,,2116443.3,25.0,,,,,,,,,,,,,0.0,,,,245106.3932412123,0.0,
home battery inverter,,,,0.0,,0.3375,,,0.0,,,,,,,,,,,,,,0.07,,,,0.96,,,,,,,,,0.0,,,,,,242518.69999999998,10.0,,,,,,,,,,,,,0.0,,,,35347.707483186925,0.0,
home battery storage,,,,0.0,,0.0,,,0.0,,,,,,,,,,,,,,0.07,,,,1.0,,,,,,,,,0.0,,,,,,215766.6,25.0,,,,,,,,,,,,,0.0,,,,18515.043544944467,0.0,
hydro,,,,0.0,,1.0,,,0.0,,,,,,,,,,,,,,0.07,,,,0.9,,,,,,,,,0.0,,,,,,2274817.7,80.0,,,,,,,,,,,,,0.0,,,,182698.73459185107,0.0,
hydrogen direct iron reduction furnace,,,,0.0,,11.3,,,0.0,,,,,,,,,,,,,,0.07,,,20.0,1.0,,,,,,,1.03,,0.0,,,,,2.1,4277858.0,40.0,,,,,,,,1.59,,,,,0.0,,,,804276.3988035849,0.0,
hydrogen storage compressor,,,,0.0,,4.0,,,0.0,,,,,,,,,,,,0.05,,0.07,,,,1.0,,,,,,,,,0.0,,,,,,87690.0,15.0,,,,,,,,,,,,,0.0,,,,13135.49064003126,0.0,
hydrogen storage tank type 1,,,,0.0,,2.0,,,0.0,,,,,,,,,,,,,,0.07,,,,1.0,,,,,,,,,0.0,,,,,,13500.0,20.0,,,,6.0,,,,,,,,,0.0,,,,1544.3044975339515,0.0,
hydrogen storage tank type 1 including compressor,,,,0.0,,1.1133,,,0.0,,,,,,,,,,,,,,0.07,,,,1.0,,,,,,,,,0.0,,,,,,47757.3,30.0,,,,,,,,,,,,,0.0,,,,4380.27106930119,0.0,
hydrogen storage underground,,,,0.0,,0.0,,,0.0,,,,,,,,,,,,,,0.07,,,,1.0,,,,,,,,,0.0,,,,,,2126.7999999999997,100.0,,,,,,,,,,,,,0.0,,,,149.04777015778802,0.0,
industrial heat pump high temperature,,,,0.0,,0.0931,,,3.2224,,,,,,,,,,,,,,0.07,,,,3.05,,,,,,,,,0.0,,,,,,941101.9,20.0,,,,,,,,,,,,,0.0,,,,89709.52763243683,3.2224,
industrial heat pump medium temperature,,,,0.0,,0.1117,,,3.2224,,,,,,,,,,,,,,0.07,,,,2.7,,,,,,,,,0.0,,,,,,784251.6000000001,20.0,,,,,,,,,,,,,0.0,,,,74903.81208002946,3.2224,
iron ore DRI-ready,,,,0.0,,0.0,,,0.0,,,,,,,,,,,97.73,,,0.07,,,,1.0,,,,,,,,,0.0,,,,,,0.0,25.0,,,,,,,,,,,,,0.0,,,,0.0,0.0,
iron-air battery,,,,0.0,,1.0,,,0.0,,,,,,,,,,,,,,0.07,,,,1.0,,,,,,,,,0.0,,,,,,16728.2,17.5,,,,,,,,,,,,,0.0,,,,1854.671438097309,0.0,
iron-air battery charge,,,,0.0,,0.0,,,0.0,,,,,,,,,,,,,,0.07,,,,0.71,,,,,,,,,0.0,,,,,,0.0,25.0,,,,,,,,,,,,,0.0,,,,0.0,0.0,
iron-air battery discharge,,,,0.0,,0.0,,,0.0,,,,,,,,,,,,,,0.07,,,,0.6,,,,,,,,,0.0,,,,,,0.0,25.0,,,,,,,,,,,,,0.0,,,,0.0,0.0,
lignite,,,,0.4069,,1.31,,,3.2612,,,,,,,,,,,,,,0.07,,,,0.33,,,,,,,,,3.2985,,,,,,3827162.9,40.0,,,,,,,,,,,,,0.0,,,,111278.64905784962,1.0761960000000002,
methanation,,,,0.0,,3.0,,,0.0,,,,,,,0.198,,,,,,,0.07,,,,0.8,,,,,,,,,0.0,,,,,1.282,679818.5,20.0,,,,,,,,,,,,,0.0,,,,84564.61218939145,0.0,
methane storage tank incl. compressor,,,,0.0,,1.9,,,0.0,,,,,,,,,,,,,,0.07,,,,1.0,,,,,,,,,0.0,,,,,,8961.5075,30.0,,,,,,,,,,,,,0.0,,,,892.4443019628492,0.0,
methanol,,,,0.2482,,0.0,,,0.0,,,,,,,,,,,,,,0.07,,,,1.0,,,,,,,,,0.0,,,,,,0.0,25.0,,,,,,,,,,,,,0.0,,,,0.0,0.0,
methanol-to-kerosene,,,,0.0,,4.5,,,1.35,,,,,,,,,,,,,,0.07,,,,1.0,,,,,,,,,0.0,,,,,0.0279,269000.0,30.0,,,1.0764,,,,,,,,,,0.0,,,,33782.7425444889,1.35,
methanol-to-olefins/aromatics,,,,0.0,,3.0,,,31.7466,,,,,,,,0.6107,,,,,,0.07,,,,1.0,,,,,,,1.3889,,0.0,,,,,,2781006.4359,30.0,,,18.03,,,,,,,,,,0.0,,,,307541.49988743453,31.7466,
methanolisation,,,,0.0,,3.0,,,0.0,,,,,0.9,,0.248,,,,,,,0.07,,,,1.0,,,,,,,0.271,,0.0,,,,0.1,1.138,703726.4462,20.0,,,,,,,,,,,,,0.0,,,,87538.5915657218,0.0,
micro CHP,,,,0.0,,6.1111,,,0.0,,,,,,,,,,,,,,0.07,,,,0.351,,,,0.609,,,,,0.0,,,,,,7841712.7,20.0,,,,,,,,,,,,,0.0,,,,1219417.109400745,0.0,
natural gas direct iron reduction furnace,,,,0.0,,11.3,,,0.0,,,,,,,,,,,,,,0.07,,,20.0,1.0,,,,,,,,,0.0,2.78,,,,,4277858.0,40.0,,,,,,,,1.59,,,,,0.0,,,,804276.3988035849,0.0,
nuclear,,,,0.0,,1.27,,,3.5464,,,,,,,,,,,,,,0.07,,,,0.326,,,,,,,,,3.4122,,,,,,8594135.399999999,40.0,,,,,,,,,,,,,0.0,,,,245733.6541868906,1.1561264000000002,
offwind,,,,0.0,,2.3185,,,0.0212,,,,,,,,,,,,,,0.07,,,,1.0,,,,,,,,,0.0,,,,,,1682122.5999999999,25.0,,,,,,,,,,,,,0.0,,,,183343.82281557078,0.015,
offwind-ac-connection-submarine,,,,0.0,,0.0,,,0.0,,,,,,,,,,,,,,0.07,,,,1.0,,,,,,,,,0.0,,,,,,2841.3251,25.0,,,,,,,,,,,,,0.0,,,,243.8155764230594,0.0,
offwind-ac-connection-underground,,,,0.0,,0.0,,,0.0,,,,,,,,,,,,,,0.07,,,,1.0,,,,,,,,,0.0,,,,,,1420.1334,25.0,,,,,,,,,,,,,0.0,,,,121.86238157634239,0.0,
offwind-ac-station,,,,0.0,,0.0,,,0.0,,,,,,,,,,,,,,0.07,,,,1.0,,,,,,,,,0.0,,,,,,264555.4,25.0,,,,,,,,,,,,,0.0,,,,22701.63570752008,0.0,
offwind-dc-connection-submarine,,,,0.0,,0.0,,,0.0,,,,,,,,,,,,,,0.07,,,,1.0,,,,,,,,,0.0,,,,,,2116.4433,25.0,,,,,,,,,,,,,0.0,,,,181.6130942412123,0.0,
offwind-dc-connection-underground,,,,0.0,,0.0,,,0.0,,,,,,,,,,,,,,0.07,,,,1.0,,,,,,,,,0.0,,,,,,1058.2216,25.0,,,,,,,,,,,,,0.0,,,,90.80654283008032,0.0,
offwind-dc-station,,,,0.0,,0.0,,,0.0,,,,,,,,,,,,,,0.07,,,,1.0,,,,,,,,,0.0,,,,,,423288.7,25.0,,,,,,,,,,,,,0.0,,,,36322.622280663156,0.0,
offwind-float,,,,0.0,,1.15,,,0.0,,,,,,,,,,,,,,0.07,,,,1.0,,,,,,,,,0.0,,,,,,2350000.0,20.0,,,,,,,,,,,,,0.0,,,,248848.3754966508,0.0,
offwind-float-connection-submarine,,,,0.0,,0.0,,,0.0,,,,,,,,,,,,,,0.07,,,,1.0,,,,,,,,,0.0,,,,,,2118.5597,25.0,,,,,,,,,,,,,0.0,,,,181.79470361985813,0.0,
offwind-float-connection-underground,,,,0.0,,0.0,,,0.0,,,,,,,,,,,,,,0.07,,,,1.0,,,,,,,,,0.0,,,,,,1039.4778,25.0,,,,,,,,,,,,,0.0,,,,89.19812765739958,0.0,
offwind-float-station,,,,0.0,,0.0,,,0.0,,,,,,,,,,,,,,0.07,,,,1.0,,,,,,,,,0.0,,,,,,415791.1,25.0,,,,,,,,,,,,,0.0,,,,35679.24934674949,0.0,
oil,,,,0.2571,,2.463,,,6.3493,,,,,,,,,,,,,,0.07,,,,0.35,,,,,,,,,52.9111,,,,,,362970.0,25.0,,,,,,,,,,,,,0.0,,,,40086.59453558499,157.52387142857143,
onwind,,,,0.0,,1.2167,,,1.4286,,,,,,,,,,,,,,0.07,,,,1.0,,,,,,,,,0.0,,,,,,1095853.3,30.0,,,,,,,,,,,,,0.0,,,,101644.12332388277,0.015,
organic rankine cycle,,,,0.0,,2.0,,,0.0,,,,,,,,,,,,,,0.07,,,,1.0,,,,,,,0.12,,0.0,,,,,,1376000.0,30.0,,,,,,,,,,,,,0.0,,,,138406.891231289,0.0,
ror,,,,0.0,,2.0,,,0.0,,,,,,,,,,,,,,0.07,,,,0.9,,,,,,,,,0.0,,,,,,3412226.6,80.0,,,,,,,,,,,,,0.0,,,,308170.3719034552,0.0,
seawater RO desalination,,,,0.0,,0.0,,,0.0,,,,,,,,,,,,,,0.07,,,,1.0,,,,,,,0.003,,0.0,,,,,,0.0,25.0,,,,,,,,,,,,,0.0,,,,0.0,0.0,
seawater desalination,,,,0.0,,4.0,,,0.0,,,,,,,,,,,,,,0.07,,,,1.0,,,,,,,3.0348,,0.0,,,,,,34796.4978,30.0,,,,,,,,,,,,,0.0,,,,4195.984524484293,0.0,
shipping fuel methanol,,,,0.2482,,0.0,,,0.0,,,,,,,,,,,,,,0.07,,,,1.0,,,,,,,,,72.0,,,,,,0.0,25.0,,,,,,,,,,,,,0.0,,,,0.0,72.0,
solar,,,,0.0,,1.9495,,,0.0106,,,,,,,,,,,,,,0.07,,,,1.0,,,,,,,,,0.0,,,,,,543328.9,40.0,,,,,,,,,,,,,0.0,,,,38283.380189337135,0.01,
solar-rooftop,,,,0.0,,1.4234,,,0.0,,,,,,,,,,,,,,0.04,,,,1.0,,,,,,,,,0.0,,,,,,702926.5,40.0,,,,,,,,,,,,,0.0,,,,45519.755319603464,0.0,
solar-rooftop commercial,,,,0.0,,1.573,,,0.0,,,,,,,,,,,,,,0.07,,,,1.0,,,,,,,,,0.0,,,,,,565806.9,40.0,,,,,,,,,,,,,0.0,,,,51340.83087474695,0.0,
solar-rooftop residential,,,,0.0,,1.2737,,,0.0,,,,,,,,,,,,,,0.07,,,,1.0,,,,,,,,,0.0,,,,,,840046.1,40.0,,,,,,,,,,,,,0.0,,,,73710.80175083473,0.0,
solar-utility,,,,0.0,,2.4757,,,0.0,,,,,,,,,,,,,,0.07,,,,1.0,,,,,,,,,0.0,,,,,,383731.2,40.0,,,,,,,,,,,,,0.0,,,,38283.380189337135,0.0,
solar-hsat,,,,0.0,,2.2884,,,0.0,,,,,,,,,,,,,,0.07,,,,1.0,,,,,,,,,0.0,,,,,,454470.3,40.0,,,,,,,,,,,,,0.0,,,,44489.52419183134,0.0,
solid biomass,,,,0.3667,,0.0,,,0.0,,,,,,,,,,,,,,0.07,,,,1.0,,,,,,,,,13.6489,,,,,,0.0,25.0,,,,,,,,,,,,,0.0,,,,0.0,13.6489,
solid biomass boiler steam,,,,0.0,,6.0754,,,2.8448,,,,,,,,,,,,,,0.07,,,,0.89,,,,,,,,,0.0,,,,,,595045.5,25.0,,,,,,,,,,,,,0.0,,,,87212.55643182958,2.8448,
solid biomass boiler steam CC,,,,0.0,,6.0754,,,2.8448,,,,,,,,,,,,,,0.07,,,,0.89,,,,,,,,,0.0,,,,,,595045.5,25.0,,,,,,,,,,,,,0.0,,,,87212.55643182958,2.8448,
solid biomass to hydrogen,,,,0.0,,4.25,,,0.0,,,,,0.9,,,,,,,,,0.07,,,,0.56,,,,,,,,,0.0,,,,,,3707479.5,25.0,,,,,,,,,,,,,0.0,,,,475708.6122300147,0.0,
steel carbon capture retrofit,,,,0.0,,5.0,,,0.0,,,,,,0.9,,,,,,,,0.07,,,,1.0,,,,,,,0.16,,0.0,0.76,,,,,3561435.753,20.0,,,,,,,,,,,,,0.0,,,,514246.1282223049,0.0,
uranium,,,,0.0,,0.0,,,0.0,,,,,,,,,,,,,,0.07,,,,1.0,,,,,,,,,3.4122,,,,,,0.0,25.0,,,,,,,,,,,,,0.0,,,,0.0,3.4122,
waste CHP,,,,0.0,,2.355,,,28.064,,0.2918,1.0,,,,,,,,,,,0.07,,,,0.2081,,,,0.7619,,,,,0.0,,,,,,8582594.4,25.0,,,,,,,,,,,,,0.0,,,,938596.9626791882,28.064,
waste CHP CC,,,,0.0,,2.355,,,28.064,,0.2918,1.0,,,,,,,,,,,0.07,,,,0.2081,,,,0.7619,,,,,0.0,,,,,,8582594.4,25.0,,,,,,,,,,,,,0.0,,,,938596.9626791882,28.064,
water tank charger,,,,0.0,,0.0,,,0.0,,,,,,,,,,,,,,0.07,,,,0.9,,,,,,,,,0.0,,,,,,0.0,25.0,,,,,,,,,,,,,0.0,,,,0.0,0.03,
water tank discharger,,,,0.0,,0.0,,,0.0,,,,,,,,,,,,,,0.07,,,,0.9,,,,,,,,,0.0,,,,,,0.0,25.0,,,,,,,,,,,,,0.0,,,,0.0,0.0,
solar-pv-utility,,,,0.0,,2.4757,,,0.0,,,,,,,,,,,,,,0.07,,,,1.0,,,,,,,,,0.0,,,,,,383731.2,40.0,,,,,,,,,,,,,0.0,,,,38283.380189337135,0.0,
solar-pv-rooftop,,,,0.0,,1.4234,,,0.0,,,,,,,,,,,,,,0.04,,,,1.0,,,,,,,,,0.0,,,,,,702926.5,40.0,,,,,,,,,,,,,0.0,,,,45519.755319603464,0.0,
battery,,,,0.0,,,,,,,,,,,,,,,,,,,,,,,,,,,,,,,,,,,,,,,,,,,,,,,,,,,,0.0,,,,102544.68404265709,0.0,
H2,,,,0.0,,,,,,,,,,,,,,,,,,,,,,,,,,,,,,,,,,,,,,,,,,,,,,,,,,,,0.0,,,,437691.64052677865,0.0,
gas-conv,,,,0.198,,1.7795,,,4.762,,,,,,,,,,,,,,0.07,,,,0.41,,,,,,,,,24.568,,,,,,460580.4,25.0,,,,,,,,,,,,,0.0,,,,19564.65493111743,1.9524199999999996,
gas-ccgt,,,,0.198,,3.3494,,,4.4445,,2.0,0.15,,,,,,,,,,,0.07,,,,0.58,,,,,,,,,24.568,,,,,,878324.0,25.0,,,,,,,,,,,,,0.0,,,,60777.05205432785,2.5778099999999995,
gas-ocgt,,,,0.198,,1.7795,,,4.762,,,,,,,,,,,,,,0.07,,,,0.41,,,,,,,,,24.568,,,,,,460580.4,25.0,,,,,,,,,,,,,0.0,,,,19564.65493111743,1.9524199999999996,
oil-light,,,,0.2571,,2.463,,,6.3493,,,,,,,,,,,,,,0.07,,,,0.35,,,,,,,,,52.9111,,,,,,362970.0,25.0,,,,,,,,,,,,,0.0,,,,14030.308087454747,2.222255,
oil-heavy,,,,0.2571,,2.463,,,6.3493,,,,,,,,,,,,,,0.07,,,,0.35,,,,,,,,,52.9111,,,,,,362970.0,25.0,,,,,,,,,,,,,0.0,,,,14030.308087454747,2.222255,
oil-shale,,,,0.2571,,2.463,,,6.3493,,,,,,,,,,,,,,0.07,,,,0.35,,,,,,,,,52.9111,,,,,,362970.0,25.0,,,,,,,,,,,,,0.0,,,,14030.308087454747,2.222255,
gas-ccgt-ccs,,,,0.019799999999999998,,3.3494,,,4.4445,,2.0,0.15,,,,,,,,,,,0.07,,,,0.58,,,,,,,,,24.568,,,,,,878324.0,25.0,,,,,,,,,,,,,0.0,,,,120396.3063195265,2.5778099999999995,0.17820000000000003
coal-ccs,,,,0.033609999999999994,,1.31,,,3.2612,,,,,,,,,,,,,,0.07,,,,0.356,,,,,,,,,9.5542,,,,,,3827162.9,40.0,,,,,,,,,,,,,0.0,,,,225140.62783373578,1.1609871999999999,0.30249000000000004
lignite-ccs,,,,0.04068999999999999,,1.31,,,3.2612,,,,,,,,,,,,,,0.07,,,,0.33,,,,,,,,,3.2985,,,,,,3827162.9,40.0,,,,,,,,,,,,,0.0,,,,238511.55759198946,1.0761960000000002,0.36621
