OFFSHORE_NODE;OFFSHORE_NODE_TYPE;YEAR;SCENARIO;TECH1;TECH2;TECH3;TECH4;TECH5;TECH6;EXISTING_MW;MARGIN_MW;MAX_MW
ALOR001;Radial;2030;Distributed Energy;AC_FB_R;AC_FL_R;DC_FB_R;DC_FL_R;;;0;0;0
ALOR001;Radial;2035;Distributed Energy;AC_FB_R;AC_FL_R;DC_FB_R;DC_FL_R;;;0;0;0
ALOR001;Radial;2040;Distributed Energy;AC_FB_R;AC_FL_R;DC_FB_R;DC_FL_R;;;0;0;0
ALOR001;Radial;2045;Distributed Energy;AC_FB_R;AC_FL_R;DC_FB_R;DC_FL_R;;;0;0;0
ALOR001;Radial;2050;Distributed Energy;AC_FB_R;AC_FL_R;DC_FB_R;DC_FL_R;;;0;0;0
ALOR001;Radial;2030;Global Ambition;AC_FB_R;AC_FL_R;DC_FB_R;DC_FL_R;;;0;0;0
ALOR001;Radial;2035;Global Ambition;AC_FB_R;AC_FL_R;DC_FB_R;DC_FL_R;;;0;0;0
ALOR001;Radial;2040;Global Ambition;AC_FB_R;AC_FL_R;DC_FB_R;DC_FL_R;;;0;0;0
ALOR001;Radial;2045;Global Ambition;AC_FB_R;AC_FL_R;DC_FB_R;DC_FL_R;;;0;0;0
ALOR001;Radial;2050;Global Ambition;AC_FB_R;AC_FL_R;DC_FB_R;DC_FL_R;;;0;0;0
ALOR001;Radial;2030;National Trends;AC_FB_R;AC_FL_R;DC_FB_R;DC_FL_R;;;0;0;0
ALOR001;Radial;2035;National Trends;AC_FB_R;AC_FL_R;DC_FB_R;DC_FL_R;;;0;0;0
ALOR001;Radial;2040;National Trends;AC_FB_R;AC_FL_R;DC_FB_R;DC_FL_R;;;0;0;0
ALOR001;Radial;2045;National Trends;AC_FB_R;AC_FL_R;DC_FB_R;DC_FL_R;;;0;0;0
ALOR001;Radial;2050;National Trends;AC_FB_R;AC_FL_R;DC_FB_R;DC_FL_R;;;0;0;0
BEIOH01;Hub;2030;Distributed Energy;AC_FB_R;AC_FL_R;DC_FB_OH;DC_FL_OH;H2_FB_OH;H2_FL_OH;3000;10293,81239;13293,81239
BEIOH01;Hub;2035;Distributed Energy;AC_FB_R;AC_FL_R;DC_FB_OH;DC_FL_OH;H2_FB_OH;H2_FL_OH;3000;10293,81239;13293,81239
BEIOH01;Hub;2040;Distributed Energy;AC_FB_R;AC_FL_R;DC_FB_OH;DC_FL_OH;H2_FB_OH;H2_FL_OH;3000;10293,81239;13293,81239
BEIOH01;Hub;2045;Distributed Energy;AC_FB_R;AC_FL_R;DC_FB_OH;DC_FL_OH;H2_FB_OH;H2_FL_OH;3000;10293,81239;13293,81239
BEIOH01;Hub;2050;Distributed Energy;AC_FB_R;AC_FL_R;DC_FB_OH;DC_FL_OH;H2_FB_OH;H2_FL_OH;3000;10293,81239;13293,81239
BEIOH01;Hub;2030;Global Ambition;AC_FB_R;AC_FL_R;DC_FB_OH;DC_FL_OH;H2_FB_OH;H2_FL_OH;3000;10293,81239;13293,81239
BEIOH01;Hub;2035;Global Ambition;AC_FB_R;AC_FL_R;DC_FB_OH;DC_FL_OH;H2_FB_OH;H2_FL_OH;3000;10293,81239;13293,81239
BEIOH01;Hub;2040;Global Ambition;AC_FB_R;AC_FL_R;DC_FB_OH;DC_FL_OH;H2_FB_OH;H2_FL_OH;3000;10293,81239;13293,81239
BEIOH01;Hub;2045;Global Ambition;AC_FB_R;AC_FL_R;DC_FB_OH;DC_FL_OH;H2_FB_OH;H2_FL_OH;3000;10293,81239;13293,81239
BEIOH01;Hub;2050;Global Ambition;AC_FB_R;AC_FL_R;DC_FB_OH;DC_FL_OH;H2_FB_OH;H2_FL_OH;3000;10293,81239;13293,81239
BEIOH01;Hub;2030;National Trends;AC_FB_R;AC_FL_R;DC_FB_OH;DC_FL_OH;H2_FB_OH;H2_FL_OH;3000;10293,81239;13293,81239
BEIOH01;Hub;2035;National Trends;AC_FB_R;AC_FL_R;DC_FB_OH;DC_FL_OH;H2_FB_OH;H2_FL_OH;3000;10293,81239;13293,81239
BEIOH01;Hub;2040;National Trends;AC_FB_R;AC_FL_R;DC_FB_OH;DC_FL_OH;H2_FB_OH;H2_FL_OH;3000;10293,81239;13293,81239
BEIOH01;Hub;2045;National Trends;AC_FB_R;AC_FL_R;DC_FB_OH;DC_FL_OH;H2_FB_OH;H2_FL_OH;3000;10293,81239;13293,81239
BEIOH01;Hub;2050;National Trends;AC_FB_R;AC_FL_R;DC_FB_OH;DC_FL_OH;H2_FB_OH;H2_FL_OH;3000;10293,81239;13293,81239
BEOH001;Hub;2030;Distributed Energy;AC_FB_R;AC_FL_R;DC_FB_OH;DC_FL_OH;H2_FB_OH;H2_FL_OH;5760;0;5760
BEOH001;Hub;2035;Distributed Energy;AC_FB_R;AC_FL_R;DC_FB_OH;DC_FL_OH;H2_FB_OH;H2_FL_OH;6860;0;6860
BEOH001;Hub;2040;Distributed Energy;AC_FB_R;AC_FL_R;DC_FB_OH;DC_FL_OH;H2_FB_OH;H2_FL_OH;7960;0;7960
BEOH001;Hub;2045;Distributed Energy;AC_FB_R;AC_FL_R;DC_FB_OH;DC_FL_OH;H2_FB_OH;H2_FL_OH;7960;0;7960
BEOH001;Hub;2050;Distributed Energy;AC_FB_R;AC_FL_R;DC_FB_OH;DC_FL_OH;H2_FB_OH;H2_FL_OH;7960;0;7960
BEOH001;Hub;2030;Global Ambition;AC_FB_R;AC_FL_R;DC_FB_OH;DC_FL_OH;H2_FB_OH;H2_FL_OH;5760;0;5760
BEOH001;Hub;2035;Global Ambition;AC_FB_R;AC_FL_R;DC_FB_OH;DC_FL_OH;H2_FB_OH;H2_FL_OH;6860;0;6860
BEOH001;Hub;2040;Global Ambition;AC_FB_R;AC_FL_R;DC_FB_OH;DC_FL_OH;H2_FB_OH;H2_FL_OH;7960;0;7960
BEOH001;Hub;2045;Global Ambition;AC_FB_R;AC_FL_R;DC_FB_OH;DC_FL_OH;H2_FB_OH;H2_FL_OH;7960;0;7960
BEOH001;Hub;2050;Global Ambition;AC_FB_R;AC_FL_R;DC_FB_OH;DC_FL_OH;H2_FB_OH;H2_FL_OH;7960;0;7960
BEOH001;Hub;2030;National Trends;AC_FB_R;AC_FL_R;DC_FB_OH;DC_FL_OH;H2_FB_OH;H2_FL_OH;5760;0;5760
BEOH001;Hub;2035;National Trends;AC_FB_R;AC_FL_R;DC_FB_OH;DC_FL_OH;H2_FB_OH;H2_FL_OH;6860;0;6860
BEOH001;Hub;2040;National Trends;AC_FB_R;AC_FL_R;DC_FB_OH;DC_FL_OH;H2_FB_OH;H2_FL_OH;7960;0;7960
BEOH001;Hub;2045;National Trends;AC_FB_R;AC_FL_R;DC_FB_OH;DC_FL_OH;H2_FB_OH;H2_FL_OH;7960;0;7960
BEOH001;Hub;2050;National Trends;AC_FB_R;AC_FL_R;DC_FB_OH;DC_FL_OH;H2_FB_OH;H2_FL_OH;7960;0;7960
BGOR001;Radial;2030;Distributed Energy;AC_FB_R;AC_FL_R;DC_FB_R;DC_FL_R;;;0;0;0
BGOR001;Radial;2035;Distributed Energy;AC_FB_R;AC_FL_R;DC_FB_R;DC_FL_R;;;0;149,2834395;149,2834395
BGOR001;Radial;2040;Distributed Energy;AC_FB_R;AC_FL_R;DC_FB_R;DC_FL_R;;;0;298,566879;298,566879
BGOR001;Radial;2045;Distributed Energy;AC_FB_R;AC_FL_R;DC_FB_R;DC_FL_R;;;0;447,8503185;447,8503185
BGOR001;Radial;2050;Distributed Energy;AC_FB_R;AC_FL_R;DC_FB_R;DC_FL_R;;;0;597,133758;597,133758
BGOR001;Radial;2030;Global Ambition;AC_FB_R;AC_FL_R;DC_FB_R;DC_FL_R;;;0;0;0
BGOR001;Radial;2035;Global Ambition;AC_FB_R;AC_FL_R;DC_FB_R;DC_FL_R;;;0;149,2834395;149,2834395
BGOR001;Radial;2040;Global Ambition;AC_FB_R;AC_FL_R;DC_FB_R;DC_FL_R;;;0;298,566879;298,566879
BGOR001;Radial;2045;Global Ambition;AC_FB_R;AC_FL_R;DC_FB_R;DC_FL_R;;;0;447,8503185;447,8503185
BGOR001;Radial;2050;Global Ambition;AC_FB_R;AC_FL_R;DC_FB_R;DC_FL_R;;;0;597,133758;597,133758
BGOR001;Radial;2030;National Trends;AC_FB_R;AC_FL_R;DC_FB_R;DC_FL_R;;;0;0;0
BGOR001;Radial;2035;National Trends;AC_FB_R;AC_FL_R;DC_FB_R;DC_FL_R;;;0;149,2834395;149,2834395
BGOR001;Radial;2040;National Trends;AC_FB_R;AC_FL_R;DC_FB_R;DC_FL_R;;;0;298,566879;298,566879
BGOR001;Radial;2045;National Trends;AC_FB_R;AC_FL_R;DC_FB_R;DC_FL_R;;;0;447,8503185;447,8503185
BGOR001;Radial;2050;National Trends;AC_FB_R;AC_FL_R;DC_FB_R;DC_FL_R;;;0;597,133758;597,133758
CYOR001;Radial;2030;Distributed Energy;AC_FB_R;AC_FL_R;DC_FB_R;DC_FL_R;;;0;0;0
CYOR001;Radial;2035;Distributed Energy;AC_FB_R;AC_FL_R;DC_FB_R;DC_FL_R;;;0;0;0
CYOR001;Radial;2040;Distributed Energy;AC_FB_R;AC_FL_R;DC_FB_R;DC_FL_R;;;0;0;0
CYOR001;Radial;2045;Distributed Energy;AC_FB_R;AC_FL_R;DC_FB_R;DC_FL_R;;;0;0;0
CYOR001;Radial;2050;Distributed Energy;AC_FB_R;AC_FL_R;DC_FB_R;DC_FL_R;;;0;0;0
CYOR001;Radial;2030;Global Ambition;AC_FB_R;AC_FL_R;DC_FB_R;DC_FL_R;;;0;0;0
CYOR001;Radial;2035;Global Ambition;AC_FB_R;AC_FL_R;DC_FB_R;DC_FL_R;;;0;0;0
CYOR001;Radial;2040;Global Ambition;AC_FB_R;AC_FL_R;DC_FB_R;DC_FL_R;;;0;0;0
CYOR001;Radial;2045;Global Ambition;AC_FB_R;AC_FL_R;DC_FB_R;DC_FL_R;;;0;0;0
CYOR001;Radial;2050;Global Ambition;AC_FB_R;AC_FL_R;DC_FB_R;DC_FL_R;;;0;0;0
CYOR001;Radial;2030;National Trends;AC_FB_R;AC_FL_R;DC_FB_R;DC_FL_R;;;0;0;0
CYOR001;Radial;2035;National Trends;AC_FB_R;AC_FL_R;DC_FB_R;DC_FL_R;;;0;0;0
CYOR001;Radial;2040;National Trends;AC_FB_R;AC_FL_R;DC_FB_R;DC_FL_R;;;0;0;0
CYOR001;Radial;2045;National Trends;AC_FB_R;AC_FL_R;DC_FB_R;DC_FL_R;;;0;0;0
CYOR001;Radial;2050;National Trends;AC_FB_R;AC_FL_R;DC_FB_R;DC_FL_R;;;0;0;0
DKEOR01;Radial;2030;Distributed Energy;AC_FB_R;AC_FL_R;DC_FB_R;DC_FL_R;;;2528,2;3093,187608;5621,387608
DKEOR01;Radial;2035;Distributed Energy;AC_FB_R;AC_FL_R;DC_FB_R;DC_FL_R;;;3528,2;2093,187608;5621,387608
DKEOR01;Radial;2040;Distributed Energy;AC_FB_R;AC_FL_R;DC_FB_R;DC_FL_R;;;3528,2;2093,187608;5621,387608
DKEOR01;Radial;2045;Distributed Energy;AC_FB_R;AC_FL_R;DC_FB_R;DC_FL_R;;;3528,2;2093,187608;5621,387608
DKEOR01;Radial;2050;Distributed Energy;AC_FB_R;AC_FL_R;DC_FB_R;DC_FL_R;;;3528,2;2093,187608;5621,387608
DKEOR01;Radial;2030;Global Ambition;AC_FB_R;AC_FL_R;DC_FB_R;DC_FL_R;;;2528,2;3093,187608;5621,387608
DKEOR01;Radial;2035;Global Ambition;AC_FB_R;AC_FL_R;DC_FB_R;DC_FL_R;;;3528,2;2093,187608;5621,387608
DKEOR01;Radial;2040;Global Ambition;AC_FB_R;AC_FL_R;DC_FB_R;DC_FL_R;;;3528,2;2093,187608;5621,387608
DKEOR01;Radial;2045;Global Ambition;AC_FB_R;AC_FL_R;DC_FB_R;DC_FL_R;;;3528,2;2093,187608;5621,387608
DKEOR01;Radial;2050;Global Ambition;AC_FB_R;AC_FL_R;DC_FB_R;DC_FL_R;;;3528,2;2093,187608;5621,387608
DKEOR01;Radial;2030;National Trends;AC_FB_R;AC_FL_R;DC_FB_R;DC_FL_R;;;2528,2;3093,187608;5621,387608
DKEOR01;Radial;2035;National Trends;AC_FB_R;AC_FL_R;DC_FB_R;DC_FL_R;;;3528,2;2093,187608;5621,387608
DKEOR01;Radial;2040;National Trends;AC_FB_R;AC_FL_R;DC_FB_R;DC_FL_R;;;3528,2;2093,187608;5621,387608
DKEOR01;Radial;2045;National Trends;AC_FB_R;AC_FL_R;DC_FB_R;DC_FL_R;;;3528,2;2093,187608;5621,387608
DKEOR01;Radial;2050;National Trends;AC_FB_R;AC_FL_R;DC_FB_R;DC_FL_R;;;3528,2;2093,187608;5621,387608
DKWOH01;FarShoreHub;2030;Distributed Energy;DC_FB_OH;DC_FL_OH;H2_FB_OH;H2_FL_OH;;;0;55905,30875;55905,30875
DKWOH01;FarShoreHub;2035;Distributed Energy;DC_FB_OH;DC_FL_OH;H2_FB_OH;H2_FL_OH;;;7000;50944,32619;57944,32619
DKWOH01;FarShoreHub;2040;Distributed Energy;DC_FB_OH;DC_FL_OH;H2_FB_OH;H2_FL_OH;;;14000;45983,34362;59983,34362
DKWOH01;FarShoreHub;2045;Distributed Energy;DC_FB_OH;DC_FL_OH;H2_FB_OH;H2_FL_OH;;;22000;37983,34362;59983,34362
DKWOH01;FarShoreHub;2050;Distributed Energy;DC_FB_OH;DC_FL_OH;H2_FB_OH;H2_FL_OH;;;30000;29983,34362;59983,34362
DKWOH01;FarShoreHub;2030;Global Ambition;DC_FB_OH;DC_FL_OH;H2_FB_OH;H2_FL_OH;;;0;55905,30875;55905,30875
DKWOH01;FarShoreHub;2035;Global Ambition;DC_FB_OH;DC_FL_OH;H2_FB_OH;H2_FL_OH;;;7000;50944,32619;57944,32619
DKWOH01;FarShoreHub;2040;Global Ambition;DC_FB_OH;DC_FL_OH;H2_FB_OH;H2_FL_OH;;;14000;45983,34362;59983,34362
DKWOH01;FarShoreHub;2045;Global Ambition;DC_FB_OH;DC_FL_OH;H2_FB_OH;H2_FL_OH;;;22000;37983,34362;59983,34362
DKWOH01;FarShoreHub;2050;Global Ambition;DC_FB_OH;DC_FL_OH;H2_FB_OH;H2_FL_OH;;;30000;29983,34362;59983,34362
DKWOH01;FarShoreHub;2030;National Trends;DC_FB_OH;DC_FL_OH;H2_FB_OH;H2_FL_OH;;;0;55905,30875;55905,30875
DKWOH01;FarShoreHub;2035;National Trends;DC_FB_OH;DC_FL_OH;H2_FB_OH;H2_FL_OH;;;7000;50944,32619;57944,32619
DKWOH01;FarShoreHub;2040;National Trends;DC_FB_OH;DC_FL_OH;H2_FB_OH;H2_FL_OH;;;14000;45983,34362;59983,34362
DKWOH01;FarShoreHub;2045;National Trends;DC_FB_OH;DC_FL_OH;H2_FB_OH;H2_FL_OH;;;22000;37983,34362;59983,34362
DKWOH01;FarShoreHub;2050;National Trends;DC_FB_OH;DC_FL_OH;H2_FB_OH;H2_FL_OH;;;30000;29983,34362;59983,34362
DKWOR01;Radial;2030;Distributed Energy;AC_FB_R;AC_FL_R;DC_FB_R;DC_FL_R;;;2722,4;41618,69125;44341,09125
DKWOR01;Radial;2035;Distributed Energy;AC_FB_R;AC_FL_R;DC_FB_R;DC_FL_R;;;6722,4;40579,67381;47302,07381
DKWOR01;Radial;2040;Distributed Energy;AC_FB_R;AC_FL_R;DC_FB_R;DC_FL_R;;;6722,4;43540,65638;50263,05638
DKWOR01;Radial;2045;Distributed Energy;AC_FB_R;AC_FL_R;DC_FB_R;DC_FL_R;;;6722,4;43540,65638;50263,05638
DKWOR01;Radial;2050;Distributed Energy;AC_FB_R;AC_FL_R;DC_FB_R;DC_FL_R;;;6722,4;43540,65638;50263,05638
DKWOR01;Radial;2030;Global Ambition;AC_FB_R;AC_FL_R;DC_FB_R;DC_FL_R;;;2722,4;41618,69125;44341,09125
DKWOR01;Radial;2035;Global Ambition;AC_FB_R;AC_FL_R;DC_FB_R;DC_FL_R;;;6722,4;40579,67381;47302,07381
DKWOR01;Radial;2040;Global Ambition;AC_FB_R;AC_FL_R;DC_FB_R;DC_FL_R;;;6722,4;43540,65638;50263,05638
DKWOR01;Radial;2045;Global Ambition;AC_FB_R;AC_FL_R;DC_FB_R;DC_FL_R;;;6722,4;43540,65638;50263,05638
DKWOR01;Radial;2050;Global Ambition;AC_FB_R;AC_FL_R;DC_FB_R;DC_FL_R;;;6722,4;43540,65638;50263,05638
DKWOR01;Radial;2030;National Trends;AC_FB_R;AC_FL_R;DC_FB_R;DC_FL_R;;;2722,4;41618,69125;44341,09125
DKWOR01;Radial;2035;National Trends;AC_FB_R;AC_FL_R;DC_FB_R;DC_FL_R;;;6722,4;40579,67381;47302,07381
DKWOR01;Radial;2040;National Trends;AC_FB_R;AC_FL_R;DC_FB_R;DC_FL_R;;;6722,4;43540,65638;50263,05638
DKWOR01;Radial;2045;National Trends;AC_FB_R;AC_FL_R;DC_FB_R;DC_FL_R;;;6722,4;43540,65638;50263,05638
DKWOR01;Radial;2050;National Trends;AC_FB_R;AC_FL_R;DC_FB_R;DC_FL_R;;;6722,4;43540,65638;50263,05638
EEOH001;Hub;2030;Distributed Energy;AC_FB_R;AC_FL_R;DC_FB_OH;DC_FL_OH;H2_FB_OH;H2_FL_OH;0;1000;1000
EEOH001;Hub;2035;Distributed Energy;AC_FB_R;AC_FL_R;DC_FB_OH;DC_FL_OH;H2_FB_OH;H2_FL_OH;1000;3000;4000
EEOH001;Hub;2040;Distributed Energy;AC_FB_R;AC_FL_R;DC_FB_OH;DC_FL_OH;H2_FB_OH;H2_FL_OH;3500;3500;7000
EEOH001;Hub;2045;Distributed Energy;AC_FB_R;AC_FL_R;DC_FB_OH;DC_FL_OH;H2_FB_OH;H2_FL_OH;3500;5000;8500
EEOH001;Hub;2050;Distributed Energy;AC_FB_R;AC_FL_R;DC_FB_OH;DC_FL_OH;H2_FB_OH;H2_FL_OH;7000;3000;10000
EEOH001;Hub;2030;Global Ambition;AC_FB_R;AC_FL_R;DC_FB_OH;DC_FL_OH;H2_FB_OH;H2_FL_OH;0;1000;1000
EEOH001;Hub;2035;Global Ambition;AC_FB_R;AC_FL_R;DC_FB_OH;DC_FL_OH;H2_FB_OH;H2_FL_OH;1000;3000;4000
EEOH001;Hub;2040;Global Ambition;AC_FB_R;AC_FL_R;DC_FB_OH;DC_FL_OH;H2_FB_OH;H2_FL_OH;3500;3500;7000
EEOH001;Hub;2045;Global Ambition;AC_FB_R;AC_FL_R;DC_FB_OH;DC_FL_OH;H2_FB_OH;H2_FL_OH;3500;5000;8500
EEOH001;Hub;2050;Global Ambition;AC_FB_R;AC_FL_R;DC_FB_OH;DC_FL_OH;H2_FB_OH;H2_FL_OH;7000;3000;10000
EEOH001;Hub;2030;National Trends;AC_FB_R;AC_FL_R;DC_FB_OH;DC_FL_OH;H2_FB_OH;H2_FL_OH;0;1000;1000
EEOH001;Hub;2035;National Trends;AC_FB_R;AC_FL_R;DC_FB_OH;DC_FL_OH;H2_FB_OH;H2_FL_OH;1000;3000;4000
EEOH001;Hub;2040;National Trends;AC_FB_R;AC_FL_R;DC_FB_OH;DC_FL_OH;H2_FB_OH;H2_FL_OH;3500;3500;7000
EEOH001;Hub;2045;National Trends;AC_FB_R;AC_FL_R;DC_FB_OH;DC_FL_OH;H2_FB_OH;H2_FL_OH;3500;5000;8500
EEOH001;Hub;2050;National Trends;AC_FB_R;AC_FL_R;DC_FB_OH;DC_FL_OH;H2_FB_OH;H2_FL_OH;7000;3000;10000
ESOH001;Hub;2030;Distributed Energy;AC_FB_R;AC_FL_R;DC_FB_OH;DC_FL_OH;H2_FB_OH;H2_FL_OH;1400;168,5870501;1568,58705
ESOH001;Hub;2035;Distributed Energy;AC_FB_R;AC_FL_R;DC_FB_OH;DC_FL_OH;H2_FB_OH;H2_FL_OH;1400;1011,522301;2411,522301
ESOH001;Hub;2040;Distributed Energy;AC_FB_R;AC_FL_R;DC_FB_OH;DC_FL_OH;H2_FB_OH;H2_FL_OH;1400;1854,457552;3254,457552
ESOH001;Hub;2045;Distributed Energy;AC_FB_R;AC_FL_R;DC_FB_OH;DC_FL_OH;H2_FB_OH;H2_FL_OH;1400;2978,371219;4378,371219
ESOH001;Hub;2050;Distributed Energy;AC_FB_R;AC_FL_R;DC_FB_OH;DC_FL_OH;H2_FB_OH;H2_FL_OH;1400;4102,284887;5502,284887
ESOH001;Hub;2030;Global Ambition;AC_FB_R;AC_FL_R;DC_FB_OH;DC_FL_OH;H2_FB_OH;H2_FL_OH;1400;168,5870501;1568,58705
ESOH001;Hub;2035;Global Ambition;AC_FB_R;AC_FL_R;DC_FB_OH;DC_FL_OH;H2_FB_OH;H2_FL_OH;1400;1011,522301;2411,522301
ESOH001;Hub;2040;Global Ambition;AC_FB_R;AC_FL_R;DC_FB_OH;DC_FL_OH;H2_FB_OH;H2_FL_OH;1400;1854,457552;3254,457552
ESOH001;Hub;2045;Global Ambition;AC_FB_R;AC_FL_R;DC_FB_OH;DC_FL_OH;H2_FB_OH;H2_FL_OH;1400;2978,371219;4378,371219
ESOH001;Hub;2050;Global Ambition;AC_FB_R;AC_FL_R;DC_FB_OH;DC_FL_OH;H2_FB_OH;H2_FL_OH;1400;4102,284887;5502,284887
ESOH001;Hub;2030;National Trends;AC_FB_R;AC_FL_R;DC_FB_OH;DC_FL_OH;H2_FB_OH;H2_FL_OH;1400;168,5870501;1568,58705
ESOH001;Hub;2035;National Trends;AC_FB_R;AC_FL_R;DC_FB_OH;DC_FL_OH;H2_FB_OH;H2_FL_OH;1400;1011,522301;2411,522301
ESOH001;Hub;2040;National Trends;AC_FB_R;AC_FL_R;DC_FB_OH;DC_FL_OH;H2_FB_OH;H2_FL_OH;1400;1854,457552;3254,457552
ESOH001;Hub;2045;National Trends;AC_FB_R;AC_FL_R;DC_FB_OH;DC_FL_OH;H2_FB_OH;H2_FL_OH;1400;2978,371219;4378,371219
ESOH001;Hub;2050;National Trends;AC_FB_R;AC_FL_R;DC_FB_OH;DC_FL_OH;H2_FB_OH;H2_FL_OH;1400;4102,284887;5502,284887
ESOH002;Hub;2030;Distributed Energy;AC_FB_R;AC_FL_R;DC_FB_OH;DC_FL_OH;H2_FB_OH;H2_FL_OH;500;142,5112567;642,5112567
ESOH002;Hub;2035;Distributed Energy;AC_FB_R;AC_FL_R;DC_FB_OH;DC_FL_OH;H2_FB_OH;H2_FL_OH;500;855,0675404;1355,06754
ESOH002;Hub;2040;Distributed Energy;AC_FB_R;AC_FL_R;DC_FB_OH;DC_FL_OH;H2_FB_OH;H2_FL_OH;500;1567,623824;2067,623824
ESOH002;Hub;2045;Distributed Energy;AC_FB_R;AC_FL_R;DC_FB_OH;DC_FL_OH;H2_FB_OH;H2_FL_OH;500;2517,698869;3017,698869
ESOH002;Hub;2050;Distributed Energy;AC_FB_R;AC_FL_R;DC_FB_OH;DC_FL_OH;H2_FB_OH;H2_FL_OH;500;3467,773914;3967,773914
ESOH002;Hub;2030;Global Ambition;AC_FB_R;AC_FL_R;DC_FB_OH;DC_FL_OH;H2_FB_OH;H2_FL_OH;500;142,5112567;642,5112567
ESOH002;Hub;2035;Global Ambition;AC_FB_R;AC_FL_R;DC_FB_OH;DC_FL_OH;H2_FB_OH;H2_FL_OH;500;855,0675404;1355,06754
ESOH002;Hub;2040;Global Ambition;AC_FB_R;AC_FL_R;DC_FB_OH;DC_FL_OH;H2_FB_OH;H2_FL_OH;500;1567,623824;2067,623824
ESOH002;Hub;2045;Global Ambition;AC_FB_R;AC_FL_R;DC_FB_OH;DC_FL_OH;H2_FB_OH;H2_FL_OH;500;2517,698869;3017,698869
ESOH002;Hub;2050;Global Ambition;AC_FB_R;AC_FL_R;DC_FB_OH;DC_FL_OH;H2_FB_OH;H2_FL_OH;500;3467,773914;3967,773914
ESOH002;Hub;2030;National Trends;AC_FB_R;AC_FL_R;DC_FB_OH;DC_FL_OH;H2_FB_OH;H2_FL_OH;500;142,5112567;642,5112567
ESOH002;Hub;2035;National Trends;AC_FB_R;AC_FL_R;DC_FB_OH;DC_FL_OH;H2_FB_OH;H2_FL_OH;500;855,0675404;1355,06754
ESOH002;Hub;2040;National Trends;AC_FB_R;AC_FL_R;DC_FB_OH;DC_FL_OH;H2_FB_OH;H2_FL_OH;500;1567,623824;2067,623824
ESOH002;Hub;2045;National Trends;AC_FB_R;AC_FL_R;DC_FB_OH;DC_FL_OH;H2_FB_OH;H2_FL_OH;500;2517,698869;3017,698869
ESOH002;Hub;2050;National Trends;AC_FB_R;AC_FL_R;DC_FB_OH;DC_FL_OH;H2_FB_OH;H2_FL_OH;500;3467,773914;3967,773914
ESOH003;Hub;2030;Distributed Energy;AC_FB_R;AC_FL_R;DC_FB_OH;DC_FL_OH;H2_FB_OH;H2_FL_OH;900;288,9016931;1188,901693
ESOH003;Hub;2035;Distributed Energy;AC_FB_R;AC_FL_R;DC_FB_OH;DC_FL_OH;H2_FB_OH;H2_FL_OH;900;1733,410159;2633,410159
ESOH003;Hub;2040;Distributed Energy;AC_FB_R;AC_FL_R;DC_FB_OH;DC_FL_OH;H2_FB_OH;H2_FL_OH;900;3177,918624;4077,918624
ESOH003;Hub;2045;Distributed Energy;AC_FB_R;AC_FL_R;DC_FB_OH;DC_FL_OH;H2_FB_OH;H2_FL_OH;900;5103,929912;6003,929912
ESOH003;Hub;2050;Distributed Energy;AC_FB_R;AC_FL_R;DC_FB_OH;DC_FL_OH;H2_FB_OH;H2_FL_OH;900;7029,941199;7929,941199
ESOH003;Hub;2030;Global Ambition;AC_FB_R;AC_FL_R;DC_FB_OH;DC_FL_OH;H2_FB_OH;H2_FL_OH;900;288,9016931;1188,901693
ESOH003;Hub;2035;Global Ambition;AC_FB_R;AC_FL_R;DC_FB_OH;DC_FL_OH;H2_FB_OH;H2_FL_OH;900;1733,410159;2633,410159
ESOH003;Hub;2040;Global Ambition;AC_FB_R;AC_FL_R;DC_FB_OH;DC_FL_OH;H2_FB_OH;H2_FL_OH;900;3177,918624;4077,918624
ESOH003;Hub;2045;Global Ambition;AC_FB_R;AC_FL_R;DC_FB_OH;DC_FL_OH;H2_FB_OH;H2_FL_OH;900;5103,929912;6003,929912
ESOH003;Hub;2050;Global Ambition;AC_FB_R;AC_FL_R;DC_FB_OH;DC_FL_OH;H2_FB_OH;H2_FL_OH;900;7029,941199;7929,941199
ESOH003;Hub;2030;National Trends;AC_FB_R;AC_FL_R;DC_FB_OH;DC_FL_OH;H2_FB_OH;H2_FL_OH;900;288,9016931;1188,901693
ESOH003;Hub;2035;National Trends;AC_FB_R;AC_FL_R;DC_FB_OH;DC_FL_OH;H2_FB_OH;H2_FL_OH;900;1733,410159;2633,410159
ESOH003;Hub;2040;National Trends;AC_FB_R;AC_FL_R;DC_FB_OH;DC_FL_OH;H2_FB_OH;H2_FL_OH;900;3177,918624;4077,918624
ESOH003;Hub;2045;National Trends;AC_FB_R;AC_FL_R;DC_FB_OH;DC_FL_OH;H2_FB_OH;H2_FL_OH;900;5103,929912;6003,929912
ESOH003;Hub;2050;National Trends;AC_FB_R;AC_FL_R;DC_FB_OH;DC_FL_OH;H2_FB_OH;H2_FL_OH;900;7029,941199;7929,941199
FIOH001;Hub;2030;Distributed Energy;AC_FB_R;AC_FL_R;DC_FB_OH;DC_FL_OH;H2_FB_OH;H2_FL_OH;1000;6000;7000
FIOH001;Hub;2035;Distributed Energy;AC_FB_R;AC_FL_R;DC_FB_OH;DC_FL_OH;H2_FB_OH;H2_FL_OH;3600;17400;21000
FIOH001;Hub;2040;Distributed Energy;AC_FB_R;AC_FL_R;DC_FB_OH;DC_FL_OH;H2_FB_OH;H2_FL_OH;4900;30100;35000
FIOH001;Hub;2045;Distributed Energy;AC_FB_R;AC_FL_R;DC_FB_OH;DC_FL_OH;H2_FB_OH;H2_FL_OH;8800;41200;50000
FIOH001;Hub;2050;Distributed Energy;AC_FB_R;AC_FL_R;DC_FB_OH;DC_FL_OH;H2_FB_OH;H2_FL_OH;12000;53000;65000
FIOH001;Hub;2030;Global Ambition;AC_FB_R;AC_FL_R;DC_FB_OH;DC_FL_OH;H2_FB_OH;H2_FL_OH;1000;6000;7000
FIOH001;Hub;2035;Global Ambition;AC_FB_R;AC_FL_R;DC_FB_OH;DC_FL_OH;H2_FB_OH;H2_FL_OH;3600;17400;21000
FIOH001;Hub;2040;Global Ambition;AC_FB_R;AC_FL_R;DC_FB_OH;DC_FL_OH;H2_FB_OH;H2_FL_OH;4900;30100;35000
FIOH001;Hub;2045;Global Ambition;AC_FB_R;AC_FL_R;DC_FB_OH;DC_FL_OH;H2_FB_OH;H2_FL_OH;8800;41200;50000
FIOH001;Hub;2050;Global Ambition;AC_FB_R;AC_FL_R;DC_FB_OH;DC_FL_OH;H2_FB_OH;H2_FL_OH;12000;53000;65000
FIOH001;Hub;2030;National Trends;AC_FB_R;AC_FL_R;DC_FB_OH;DC_FL_OH;H2_FB_OH;H2_FL_OH;1000;6000;7000
FIOH001;Hub;2035;National Trends;AC_FB_R;AC_FL_R;DC_FB_OH;DC_FL_OH;H2_FB_OH;H2_FL_OH;3600;17400;21000
FIOH001;Hub;2040;National Trends;AC_FB_R;AC_FL_R;DC_FB_OH;DC_FL_OH;H2_FB_OH;H2_FL_OH;4900;30100;35000
FIOH001;Hub;2045;National Trends;AC_FB_R;AC_FL_R;DC_FB_OH;DC_FL_OH;H2_FB_OH;H2_FL_OH;8800;41200;50000
FIOH001;Hub;2050;National Trends;AC_FB_R;AC_FL_R;DC_FB_OH;DC_FL_OH;H2_FB_OH;H2_FL_OH;12000;53000;65000
FROH001;Hub;2030;Distributed Energy;AC_FB_R;AC_FL_R;DC_FB_OH;DC_FL_OH;H2_FB_OH;H2_FL_OH;2050;307,676885;2357,676885
FROH001;Hub;2035;Distributed Energy;AC_FB_R;AC_FL_R;DC_FB_OH;DC_FL_OH;H2_FB_OH;H2_FL_OH;8550;0;8550
FROH001;Hub;2040;Distributed Energy;AC_FB_R;AC_FL_R;DC_FB_OH;DC_FL_OH;H2_FB_OH;H2_FL_OH;9750;143,6725594;9893,672559
FROH001;Hub;2045;Distributed Energy;AC_FB_R;AC_FL_R;DC_FB_OH;DC_FL_OH;H2_FB_OH;H2_FL_OH;13750;0;13750
FROH001;Hub;2050;Distributed Energy;AC_FB_R;AC_FL_R;DC_FB_OH;DC_FL_OH;H2_FB_OH;H2_FL_OH;13750;807,6029554;14557,60296
FROH001;Hub;2030;Global Ambition;AC_FB_R;AC_FL_R;DC_FB_OH;DC_FL_OH;H2_FB_OH;H2_FL_OH;2050;307,676885;2357,676885
FROH001;Hub;2035;Global Ambition;AC_FB_R;AC_FL_R;DC_FB_OH;DC_FL_OH;H2_FB_OH;H2_FL_OH;8550;0;8550
FROH001;Hub;2040;Global Ambition;AC_FB_R;AC_FL_R;DC_FB_OH;DC_FL_OH;H2_FB_OH;H2_FL_OH;9750;143,6725594;9893,672559
FROH001;Hub;2045;Global Ambition;AC_FB_R;AC_FL_R;DC_FB_OH;DC_FL_OH;H2_FB_OH;H2_FL_OH;13750;0;13750
FROH001;Hub;2050;Global Ambition;AC_FB_R;AC_FL_R;DC_FB_OH;DC_FL_OH;H2_FB_OH;H2_FL_OH;13750;807,6029554;14557,60296
FROH001;Hub;2030;National Trends;AC_FB_R;AC_FL_R;DC_FB_OH;DC_FL_OH;H2_FB_OH;H2_FL_OH;2050;307,676885;2357,676885
FROH001;Hub;2035;National Trends;AC_FB_R;AC_FL_R;DC_FB_OH;DC_FL_OH;H2_FB_OH;H2_FL_OH;8550;0;8550
FROH001;Hub;2040;National Trends;AC_FB_R;AC_FL_R;DC_FB_OH;DC_FL_OH;H2_FB_OH;H2_FL_OH;9750;143,6725594;9893,672559
FROH001;Hub;2045;National Trends;AC_FB_R;AC_FL_R;DC_FB_OH;DC_FL_OH;H2_FB_OH;H2_FL_OH;13750;0;13750
FROH001;Hub;2050;National Trends;AC_FB_R;AC_FL_R;DC_FB_OH;DC_FL_OH;H2_FB_OH;H2_FL_OH;13750;807,6029554;14557,60296
FROH002;Hub;2030;Distributed Energy;AC_FB_R;AC_FL_R;DC_FB_OH;DC_FL_OH;H2_FB_OH;H2_FL_OH;1740;288,7429228;2028,742923
FROH002;Hub;2035;Distributed Energy;AC_FB_R;AC_FL_R;DC_FB_OH;DC_FL_OH;H2_FB_OH;H2_FL_OH;7840;0;7840
FROH002;Hub;2040;Distributed Energy;AC_FB_R;AC_FL_R;DC_FB_OH;DC_FL_OH;H2_FB_OH;H2_FL_OH;15040;0;15040
FROH002;Hub;2045;Distributed Energy;AC_FB_R;AC_FL_R;DC_FB_OH;DC_FL_OH;H2_FB_OH;H2_FL_OH;15040;8956,172559;23996,17256
FROH002;Hub;2050;Distributed Energy;AC_FB_R;AC_FL_R;DC_FB_OH;DC_FL_OH;H2_FB_OH;H2_FL_OH;25040;13769,91387;38809,91387
FROH002;Hub;2030;Global Ambition;AC_FB_R;AC_FL_R;DC_FB_OH;DC_FL_OH;H2_FB_OH;H2_FL_OH;1740;288,7429228;2028,742923
FROH002;Hub;2035;Global Ambition;AC_FB_R;AC_FL_R;DC_FB_OH;DC_FL_OH;H2_FB_OH;H2_FL_OH;7840;0;7840
FROH002;Hub;2040;Global Ambition;AC_FB_R;AC_FL_R;DC_FB_OH;DC_FL_OH;H2_FB_OH;H2_FL_OH;15040;0;15040
FROH002;Hub;2045;Global Ambition;AC_FB_R;AC_FL_R;DC_FB_OH;DC_FL_OH;H2_FB_OH;H2_FL_OH;15040;8956,172559;23996,17256
FROH002;Hub;2050;Global Ambition;AC_FB_R;AC_FL_R;DC_FB_OH;DC_FL_OH;H2_FB_OH;H2_FL_OH;25040;13769,91387;38809,91387
FROH002;Hub;2030;National Trends;AC_FB_R;AC_FL_R;DC_FB_OH;DC_FL_OH;H2_FB_OH;H2_FL_OH;1740;288,7429228;2028,742923
FROH002;Hub;2035;National Trends;AC_FB_R;AC_FL_R;DC_FB_OH;DC_FL_OH;H2_FB_OH;H2_FL_OH;7840;0;7840
FROH002;Hub;2040;National Trends;AC_FB_R;AC_FL_R;DC_FB_OH;DC_FL_OH;H2_FB_OH;H2_FL_OH;15040;0;15040
FROH002;Hub;2045;National Trends;AC_FB_R;AC_FL_R;DC_FB_OH;DC_FL_OH;H2_FB_OH;H2_FL_OH;15040;8956,172559;23996,17256
FROH002;Hub;2050;National Trends;AC_FB_R;AC_FL_R;DC_FB_OH;DC_FL_OH;H2_FB_OH;H2_FL_OH;25040;13769,91387;38809,91387
FROH003;Hub;2030;Distributed Energy;AC_FB_R;AC_FL_R;DC_FB_OH;DC_FL_OH;H2_FB_OH;H2_FL_OH;85;71,00235807;156,0023581
FROH003;Hub;2035;Distributed Energy;AC_FB_R;AC_FL_R;DC_FB_OH;DC_FL_OH;H2_FB_OH;H2_FL_OH;1585;0;1585
FROH003;Hub;2040;Distributed Energy;AC_FB_R;AC_FL_R;DC_FB_OH;DC_FL_OH;H2_FB_OH;H2_FL_OH;1585;143,6725594;1728,672559
FROH003;Hub;2045;Distributed Energy;AC_FB_R;AC_FL_R;DC_FB_OH;DC_FL_OH;H2_FB_OH;H2_FL_OH;5585;0;5585
FROH003;Hub;2050;Distributed Energy;AC_FB_R;AC_FL_R;DC_FB_OH;DC_FL_OH;H2_FB_OH;H2_FL_OH;5585;1047,483178;6632,483178
FROH003;Hub;2030;Global Ambition;AC_FB_R;AC_FL_R;DC_FB_OH;DC_FL_OH;H2_FB_OH;H2_FL_OH;85;71,00235807;156,0023581
FROH003;Hub;2035;Global Ambition;AC_FB_R;AC_FL_R;DC_FB_OH;DC_FL_OH;H2_FB_OH;H2_FL_OH;1585;0;1585
FROH003;Hub;2040;Global Ambition;AC_FB_R;AC_FL_R;DC_FB_OH;DC_FL_OH;H2_FB_OH;H2_FL_OH;1585;143,6725594;1728,672559
FROH003;Hub;2045;Global Ambition;AC_FB_R;AC_FL_R;DC_FB_OH;DC_FL_OH;H2_FB_OH;H2_FL_OH;5585;0;5585
FROH003;Hub;2050;Global Ambition;AC_FB_R;AC_FL_R;DC_FB_OH;DC_FL_OH;H2_FB_OH;H2_FL_OH;5585;1047,483178;6632,483178
FROH003;Hub;2030;National Trends;AC_FB_R;AC_FL_R;DC_FB_OH;DC_FL_OH;H2_FB_OH;H2_FL_OH;85;71,00235807;156,0023581
FROH003;Hub;2035;National Trends;AC_FB_R;AC_FL_R;DC_FB_OH;DC_FL_OH;H2_FB_OH;H2_FL_OH;1585;0;1585
FROH003;Hub;2040;National Trends;AC_FB_R;AC_FL_R;DC_FB_OH;DC_FL_OH;H2_FB_OH;H2_FL_OH;1585;143,6725594;1728,672559
FROH003;Hub;2045;National Trends;AC_FB_R;AC_FL_R;DC_FB_OH;DC_FL_OH;H2_FB_OH;H2_FL_OH;5585;0;5585
FROH003;Hub;2050;National Trends;AC_FB_R;AC_FL_R;DC_FB_OH;DC_FL_OH;H2_FB_OH;H2_FL_OH;5585;1047,483178;6632,483178
GROR001;Radial;2030;Distributed Energy;AC_FB_R;AC_FL_R;DC_FB_R;DC_FL_R;;;2700;200;2900
GROR001;Radial;2035;Distributed Energy;AC_FB_R;AC_FL_R;DC_FB_R;DC_FL_R;;;8650;375;9025
GROR001;Radial;2040;Distributed Energy;AC_FB_R;AC_FL_R;DC_FB_R;DC_FL_R;;;8650;6500;15150
GROR001;Radial;2045;Distributed Energy;AC_FB_R;AC_FL_R;DC_FB_R;DC_FL_R;;;14950;2225;17175
GROR001;Radial;2050;Distributed Energy;AC_FB_R;AC_FL_R;DC_FB_R;DC_FL_R;;;14950;4250;19200
GROR001;Radial;2030;Global Ambition;AC_FB_R;AC_FL_R;DC_FB_R;DC_FL_R;;;2700;200;2900
GROR001;Radial;2035;Global Ambition;AC_FB_R;AC_FL_R;DC_FB_R;DC_FL_R;;;8650;375;9025
GROR001;Radial;2040;Global Ambition;AC_FB_R;AC_FL_R;DC_FB_R;DC_FL_R;;;8650;6500;15150
GROR001;Radial;2045;Global Ambition;AC_FB_R;AC_FL_R;DC_FB_R;DC_FL_R;;;14950;2225;17175
GROR001;Radial;2050;Global Ambition;AC_FB_R;AC_FL_R;DC_FB_R;DC_FL_R;;;14950;4250;19200
GROR001;Radial;2030;National Trends;AC_FB_R;AC_FL_R;DC_FB_R;DC_FL_R;;;2700;200;2900
GROR001;Radial;2035;National Trends;AC_FB_R;AC_FL_R;DC_FB_R;DC_FL_R;;;8650;375;9025
GROR001;Radial;2040;National Trends;AC_FB_R;AC_FL_R;DC_FB_R;DC_FL_R;;;8650;6500;15150
GROR001;Radial;2045;National Trends;AC_FB_R;AC_FL_R;DC_FB_R;DC_FL_R;;;14950;2225;17175
GROR001;Radial;2050;National Trends;AC_FB_R;AC_FL_R;DC_FB_R;DC_FL_R;;;14950;4250;19200
GROR002;Radial;2030;Distributed Energy;AC_FB_R;AC_FL_R;DC_FB_R;DC_FL_R;;;0;510;510
GROR002;Radial;2035;Distributed Energy;AC_FB_R;AC_FL_R;DC_FB_R;DC_FL_R;;;0;1030;1030
GROR002;Radial;2040;Distributed Energy;AC_FB_R;AC_FL_R;DC_FB_R;DC_FL_R;;;1550;0;1550
GROR002;Radial;2045;Distributed Energy;AC_FB_R;AC_FL_R;DC_FB_R;DC_FL_R;;;2550;0;2550
GROR002;Radial;2050;Distributed Energy;AC_FB_R;AC_FL_R;DC_FB_R;DC_FL_R;;;2550;450;3000
GROR002;Radial;2030;Global Ambition;AC_FB_R;AC_FL_R;DC_FB_R;DC_FL_R;;;0;510;510
GROR002;Radial;2035;Global Ambition;AC_FB_R;AC_FL_R;DC_FB_R;DC_FL_R;;;0;1030;1030
GROR002;Radial;2040;Global Ambition;AC_FB_R;AC_FL_R;DC_FB_R;DC_FL_R;;;1550;0;1550
GROR002;Radial;2045;Global Ambition;AC_FB_R;AC_FL_R;DC_FB_R;DC_FL_R;;;2550;0;2550
GROR002;Radial;2050;Global Ambition;AC_FB_R;AC_FL_R;DC_FB_R;DC_FL_R;;;2550;450;3000
GROR002;Radial;2030;National Trends;AC_FB_R;AC_FL_R;DC_FB_R;DC_FL_R;;;0;510;510
GROR002;Radial;2035;National Trends;AC_FB_R;AC_FL_R;DC_FB_R;DC_FL_R;;;0;1030;1030
GROR002;Radial;2040;National Trends;AC_FB_R;AC_FL_R;DC_FB_R;DC_FL_R;;;1550;0;1550
GROR002;Radial;2045;National Trends;AC_FB_R;AC_FL_R;DC_FB_R;DC_FL_R;;;2550;0;2550
GROR002;Radial;2050;National Trends;AC_FB_R;AC_FL_R;DC_FB_R;DC_FL_R;;;2550;450;3000
HROH001;Hub;2030;Distributed Energy;AC_FB_R;AC_FL_R;DC_FB_OH;DC_FL_OH;H2_FB_OH;H2_FL_OH;510;0;510
HROH001;Hub;2035;Distributed Energy;AC_FB_R;AC_FL_R;DC_FB_OH;DC_FL_OH;H2_FB_OH;H2_FL_OH;510;345;855
HROH001;Hub;2040;Distributed Energy;AC_FB_R;AC_FL_R;DC_FB_OH;DC_FL_OH;H2_FB_OH;H2_FL_OH;1200;0;1200
HROH001;Hub;2045;Distributed Energy;AC_FB_R;AC_FL_R;DC_FB_OH;DC_FL_OH;H2_FB_OH;H2_FL_OH;1200;900;2100
HROH001;Hub;2050;Distributed Energy;AC_FB_R;AC_FL_R;DC_FB_OH;DC_FL_OH;H2_FB_OH;H2_FL_OH;3000;0;3000
HROH001;Hub;2030;Global Ambition;AC_FB_R;AC_FL_R;DC_FB_OH;DC_FL_OH;H2_FB_OH;H2_FL_OH;510;0;510
HROH001;Hub;2035;Global Ambition;AC_FB_R;AC_FL_R;DC_FB_OH;DC_FL_OH;H2_FB_OH;H2_FL_OH;510;345;855
HROH001;Hub;2040;Global Ambition;AC_FB_R;AC_FL_R;DC_FB_OH;DC_FL_OH;H2_FB_OH;H2_FL_OH;1200;0;1200
HROH001;Hub;2045;Global Ambition;AC_FB_R;AC_FL_R;DC_FB_OH;DC_FL_OH;H2_FB_OH;H2_FL_OH;1200;900;2100
HROH001;Hub;2050;Global Ambition;AC_FB_R;AC_FL_R;DC_FB_OH;DC_FL_OH;H2_FB_OH;H2_FL_OH;3000;0;3000
HROH001;Hub;2030;National Trends;AC_FB_R;AC_FL_R;DC_FB_OH;DC_FL_OH;H2_FB_OH;H2_FL_OH;510;0;510
HROH001;Hub;2035;National Trends;AC_FB_R;AC_FL_R;DC_FB_OH;DC_FL_OH;H2_FB_OH;H2_FL_OH;510;345;855
HROH001;Hub;2040;National Trends;AC_FB_R;AC_FL_R;DC_FB_OH;DC_FL_OH;H2_FB_OH;H2_FL_OH;1200;0;1200
HROH001;Hub;2045;National Trends;AC_FB_R;AC_FL_R;DC_FB_OH;DC_FL_OH;H2_FB_OH;H2_FL_OH;1200;900;2100
HROH001;Hub;2050;National Trends;AC_FB_R;AC_FL_R;DC_FB_OH;DC_FL_OH;H2_FB_OH;H2_FL_OH;3000;0;3000
IEOH001;Hub;2030;Distributed Energy;AC_FB_R;AC_FL_R;DC_FB_OH;DC_FL_OH;H2_FB_OH;H2_FL_OH;5025,2;148,8;5174
IEOH001;Hub;2035;Distributed Energy;AC_FB_R;AC_FL_R;DC_FB_OH;DC_FL_OH;H2_FB_OH;H2_FL_OH;8060,7;4526,3;12587
IEOH001;Hub;2040;Distributed Energy;AC_FB_R;AC_FL_R;DC_FB_OH;DC_FL_OH;H2_FB_OH;H2_FL_OH;11096,2;8903,8;20000
IEOH001;Hub;2045;Distributed Energy;AC_FB_R;AC_FL_R;DC_FB_OH;DC_FL_OH;H2_FB_OH;H2_FL_OH;13596,2;13903,8;27500
IEOH001;Hub;2050;Distributed Energy;AC_FB_R;AC_FL_R;DC_FB_OH;DC_FL_OH;H2_FB_OH;H2_FL_OH;16096,2;18903,8;35000
IEOH001;Hub;2030;Global Ambition;AC_FB_R;AC_FL_R;DC_FB_OH;DC_FL_OH;H2_FB_OH;H2_FL_OH;5025,2;148,8;5174
IEOH001;Hub;2035;Global Ambition;AC_FB_R;AC_FL_R;DC_FB_OH;DC_FL_OH;H2_FB_OH;H2_FL_OH;8060,7;4526,3;12587
IEOH001;Hub;2040;Global Ambition;AC_FB_R;AC_FL_R;DC_FB_OH;DC_FL_OH;H2_FB_OH;H2_FL_OH;11096,2;8903,8;20000
IEOH001;Hub;2045;Global Ambition;AC_FB_R;AC_FL_R;DC_FB_OH;DC_FL_OH;H2_FB_OH;H2_FL_OH;13596,2;13903,8;27500
IEOH001;Hub;2050;Global Ambition;AC_FB_R;AC_FL_R;DC_FB_OH;DC_FL_OH;H2_FB_OH;H2_FL_OH;16096,2;18903,8;35000
IEOH001;Hub;2030;National Trends;AC_FB_R;AC_FL_R;DC_FB_OH;DC_FL_OH;H2_FB_OH;H2_FL_OH;5025,2;148,8;5174
IEOH001;Hub;2035;National Trends;AC_FB_R;AC_FL_R;DC_FB_OH;DC_FL_OH;H2_FB_OH;H2_FL_OH;8060,7;4526,3;12587
IEOH001;Hub;2040;National Trends;AC_FB_R;AC_FL_R;DC_FB_OH;DC_FL_OH;H2_FB_OH;H2_FL_OH;11096,2;8903,8;20000
IEOH001;Hub;2045;National Trends;AC_FB_R;AC_FL_R;DC_FB_OH;DC_FL_OH;H2_FB_OH;H2_FL_OH;13596,2;13903,8;27500
IEOH001;Hub;2050;National Trends;AC_FB_R;AC_FL_R;DC_FB_OH;DC_FL_OH;H2_FB_OH;H2_FL_OH;16096,2;18903,8;35000
ITCNOR1;Radial;2030;Distributed Energy;AC_FB_R;AC_FL_R;DC_FB_R;DC_FL_R;;;400;20;420
ITCNOR1;Radial;2035;Distributed Energy;AC_FB_R;AC_FL_R;DC_FB_R;DC_FL_R;;;1521;0;1521
ITCNOR1;Radial;2040;Distributed Energy;AC_FB_R;AC_FL_R;DC_FB_R;DC_FL_R;;;2300;230;2530
ITCNOR1;Radial;2045;Distributed Energy;AC_FB_R;AC_FL_R;DC_FB_R;DC_FL_R;;;2300;1162,5;3462,5
ITCNOR1;Radial;2050;Distributed Energy;AC_FB_R;AC_FL_R;DC_FB_R;DC_FL_R;;;2300;2095;4395
ITCNOR1;Radial;2030;Global Ambition;AC_FB_R;AC_FL_R;DC_FB_R;DC_FL_R;;;400;20;420
ITCNOR1;Radial;2035;Global Ambition;AC_FB_R;AC_FL_R;DC_FB_R;DC_FL_R;;;1521;0;1521
ITCNOR1;Radial;2040;Global Ambition;AC_FB_R;AC_FL_R;DC_FB_R;DC_FL_R;;;2300;230;2530
ITCNOR1;Radial;2045;Global Ambition;AC_FB_R;AC_FL_R;DC_FB_R;DC_FL_R;;;2300;1162,5;3462,5
ITCNOR1;Radial;2050;Global Ambition;AC_FB_R;AC_FL_R;DC_FB_R;DC_FL_R;;;2300;2095;4395
ITCNOR1;Radial;2030;National Trends;AC_FB_R;AC_FL_R;DC_FB_R;DC_FL_R;;;400;20;420
ITCNOR1;Radial;2035;National Trends;AC_FB_R;AC_FL_R;DC_FB_R;DC_FL_R;;;1521;0;1521
ITCNOR1;Radial;2040;National Trends;AC_FB_R;AC_FL_R;DC_FB_R;DC_FL_R;;;2300;230;2530
ITCNOR1;Radial;2045;National Trends;AC_FB_R;AC_FL_R;DC_FB_R;DC_FL_R;;;2300;1162,5;3462,5
ITCNOR1;Radial;2050;National Trends;AC_FB_R;AC_FL_R;DC_FB_R;DC_FL_R;;;2300;2095;4395
ITCSOR1;Radial;2030;Distributed Energy;AC_FB_R;AC_FL_R;DC_FB_R;DC_FL_R;;;900;45;945
ITCSOR1;Radial;2035;Distributed Energy;AC_FB_R;AC_FL_R;DC_FB_R;DC_FL_R;;;1313;39,5;1352,5
ITCSOR1;Radial;2040;Distributed Energy;AC_FB_R;AC_FL_R;DC_FB_R;DC_FL_R;;;1600;160;1760
ITCSOR1;Radial;2045;Distributed Energy;AC_FB_R;AC_FL_R;DC_FB_R;DC_FL_R;;;1600;808,5;2408,5
ITCSOR1;Radial;2050;Distributed Energy;AC_FB_R;AC_FL_R;DC_FB_R;DC_FL_R;;;1600;1457;3057
ITCSOR1;Radial;2030;Global Ambition;AC_FB_R;AC_FL_R;DC_FB_R;DC_FL_R;;;900;45;945
ITCSOR1;Radial;2035;Global Ambition;AC_FB_R;AC_FL_R;DC_FB_R;DC_FL_R;;;1313;39,5;1352,5
ITCSOR1;Radial;2040;Global Ambition;AC_FB_R;AC_FL_R;DC_FB_R;DC_FL_R;;;1600;160;1760
ITCSOR1;Radial;2045;Global Ambition;AC_FB_R;AC_FL_R;DC_FB_R;DC_FL_R;;;1600;808,5;2408,5
ITCSOR1;Radial;2050;Global Ambition;AC_FB_R;AC_FL_R;DC_FB_R;DC_FL_R;;;1600;1457;3057
ITCSOR1;Radial;2030;National Trends;AC_FB_R;AC_FL_R;DC_FB_R;DC_FL_R;;;900;45;945
ITCSOR1;Radial;2035;National Trends;AC_FB_R;AC_FL_R;DC_FB_R;DC_FL_R;;;1313;39,5;1352,5
ITCSOR1;Radial;2040;National Trends;AC_FB_R;AC_FL_R;DC_FB_R;DC_FL_R;;;1600;160;1760
ITCSOR1;Radial;2045;National Trends;AC_FB_R;AC_FL_R;DC_FB_R;DC_FL_R;;;1600;808,5;2408,5
ITCSOR1;Radial;2050;National Trends;AC_FB_R;AC_FL_R;DC_FB_R;DC_FL_R;;;1600;1457;3057
ITN1OR1;Radial;2030;Distributed Energy;AC_FB_R;AC_FL_R;DC_FB_R;DC_FL_R;;;600;30;630
ITN1OR1;Radial;2035;Distributed Energy;AC_FB_R;AC_FL_R;DC_FB_R;DC_FL_R;;;777;33;810
ITN1OR1;Radial;2040;Distributed Energy;AC_FB_R;AC_FL_R;DC_FB_R;DC_FL_R;;;900;90;990
ITN1OR1;Radial;2045;Distributed Energy;AC_FB_R;AC_FL_R;DC_FB_R;DC_FL_R;;;900;455;1355
ITN1OR1;Radial;2050;Distributed Energy;AC_FB_R;AC_FL_R;DC_FB_R;DC_FL_R;;;900;820;1720
ITN1OR1;Radial;2030;Global Ambition;AC_FB_R;AC_FL_R;DC_FB_R;DC_FL_R;;;600;30;630
ITN1OR1;Radial;2035;Global Ambition;AC_FB_R;AC_FL_R;DC_FB_R;DC_FL_R;;;777;33;810
ITN1OR1;Radial;2040;Global Ambition;AC_FB_R;AC_FL_R;DC_FB_R;DC_FL_R;;;900;90;990
ITN1OR1;Radial;2045;Global Ambition;AC_FB_R;AC_FL_R;DC_FB_R;DC_FL_R;;;900;455;1355
ITN1OR1;Radial;2050;Global Ambition;AC_FB_R;AC_FL_R;DC_FB_R;DC_FL_R;;;900;820;1720
ITN1OR1;Radial;2030;National Trends;AC_FB_R;AC_FL_R;DC_FB_R;DC_FL_R;;;600;30;630
ITN1OR1;Radial;2035;National Trends;AC_FB_R;AC_FL_R;DC_FB_R;DC_FL_R;;;777;33;810
ITN1OR1;Radial;2040;National Trends;AC_FB_R;AC_FL_R;DC_FB_R;DC_FL_R;;;900;90;990
ITN1OR1;Radial;2045;National Trends;AC_FB_R;AC_FL_R;DC_FB_R;DC_FL_R;;;900;455;1355
ITN1OR1;Radial;2050;National Trends;AC_FB_R;AC_FL_R;DC_FB_R;DC_FL_R;;;900;820;1720
ITS1OR1;Radial;2030;Distributed Energy;AC_FB_R;AC_FL_R;DC_FB_R;DC_FL_R;;;3800;190;3990
ITS1OR1;Radial;2035;Distributed Energy;AC_FB_R;AC_FL_R;DC_FB_R;DC_FL_R;;;6219;121;6340
ITS1OR1;Radial;2040;Distributed Energy;AC_FB_R;AC_FL_R;DC_FB_R;DC_FL_R;;;7900;790;8690
ITS1OR1;Radial;2045;Distributed Energy;AC_FB_R;AC_FL_R;DC_FB_R;DC_FL_R;;;7900;3992,5;11892,5
ITS1OR1;Radial;2050;Distributed Energy;AC_FB_R;AC_FL_R;DC_FB_R;DC_FL_R;;;7900;7195;15095
ITS1OR1;Radial;2030;Global Ambition;AC_FB_R;AC_FL_R;DC_FB_R;DC_FL_R;;;3800;190;3990
ITS1OR1;Radial;2035;Global Ambition;AC_FB_R;AC_FL_R;DC_FB_R;DC_FL_R;;;6219;121;6340
ITS1OR1;Radial;2040;Global Ambition;AC_FB_R;AC_FL_R;DC_FB_R;DC_FL_R;;;7900;790;8690
ITS1OR1;Radial;2045;Global Ambition;AC_FB_R;AC_FL_R;DC_FB_R;DC_FL_R;;;7900;3992,5;11892,5
ITS1OR1;Radial;2050;Global Ambition;AC_FB_R;AC_FL_R;DC_FB_R;DC_FL_R;;;7900;7195;15095
ITS1OR1;Radial;2030;National Trends;AC_FB_R;AC_FL_R;DC_FB_R;DC_FL_R;;;3800;190;3990
ITS1OR1;Radial;2035;National Trends;AC_FB_R;AC_FL_R;DC_FB_R;DC_FL_R;;;6219;121;6340
ITS1OR1;Radial;2040;National Trends;AC_FB_R;AC_FL_R;DC_FB_R;DC_FL_R;;;7900;790;8690
ITS1OR1;Radial;2045;National Trends;AC_FB_R;AC_FL_R;DC_FB_R;DC_FL_R;;;7900;3992,5;11892,5
ITS1OR1;Radial;2050;National Trends;AC_FB_R;AC_FL_R;DC_FB_R;DC_FL_R;;;7900;7195;15095
ITSAOR1;Radial;2030;Distributed Energy;AC_FB_R;AC_FL_R;DC_FB_R;DC_FL_R;;;1400;70;1470
ITSAOR1;Radial;2035;Distributed Energy;AC_FB_R;AC_FL_R;DC_FB_R;DC_FL_R;;;2108;57;2165
ITSAOR1;Radial;2040;Distributed Energy;AC_FB_R;AC_FL_R;DC_FB_R;DC_FL_R;;;2600;260;2860
ITSAOR1;Radial;2045;Distributed Energy;AC_FB_R;AC_FL_R;DC_FB_R;DC_FL_R;;;2600;1314;3914
ITSAOR1;Radial;2050;Distributed Energy;AC_FB_R;AC_FL_R;DC_FB_R;DC_FL_R;;;2600;2368;4968
ITSAOR1;Radial;2030;Global Ambition;AC_FB_R;AC_FL_R;DC_FB_R;DC_FL_R;;;1400;70;1470
ITSAOR1;Radial;2035;Global Ambition;AC_FB_R;AC_FL_R;DC_FB_R;DC_FL_R;;;2108;57;2165
ITSAOR1;Radial;2040;Global Ambition;AC_FB_R;AC_FL_R;DC_FB_R;DC_FL_R;;;2600;260;2860
ITSAOR1;Radial;2045;Global Ambition;AC_FB_R;AC_FL_R;DC_FB_R;DC_FL_R;;;2600;1314;3914
ITSAOR1;Radial;2050;Global Ambition;AC_FB_R;AC_FL_R;DC_FB_R;DC_FL_R;;;2600;2368;4968
ITSAOR1;Radial;2030;National Trends;AC_FB_R;AC_FL_R;DC_FB_R;DC_FL_R;;;1400;70;1470
ITSAOR1;Radial;2035;National Trends;AC_FB_R;AC_FL_R;DC_FB_R;DC_FL_R;;;2108;57;2165
ITSAOR1;Radial;2040;National Trends;AC_FB_R;AC_FL_R;DC_FB_R;DC_FL_R;;;2600;260;2860
ITSAOR1;Radial;2045;National Trends;AC_FB_R;AC_FL_R;DC_FB_R;DC_FL_R;;;2600;1314;3914
ITSAOR1;Radial;2050;National Trends;AC_FB_R;AC_FL_R;DC_FB_R;DC_FL_R;;;2600;2368;4968
ITSIOR1;Radial;2030;Distributed Energy;AC_FB_R;AC_FL_R;DC_FB_R;DC_FL_R;;;1400;70;1470
ITSIOR1;Radial;2035;Distributed Energy;AC_FB_R;AC_FL_R;DC_FB_R;DC_FL_R;;;2462;33;2495
ITSIOR1;Radial;2040;Distributed Energy;AC_FB_R;AC_FL_R;DC_FB_R;DC_FL_R;;;3200;320;3520
ITSIOR1;Radial;2045;Distributed Energy;AC_FB_R;AC_FL_R;DC_FB_R;DC_FL_R;;;3200;1617,5;4817,5
ITSIOR1;Radial;2050;Distributed Energy;AC_FB_R;AC_FL_R;DC_FB_R;DC_FL_R;;;3200;2915;6115
ITSIOR1;Radial;2030;Global Ambition;AC_FB_R;AC_FL_R;DC_FB_R;DC_FL_R;;;1400;70;1470
ITSIOR1;Radial;2035;Global Ambition;AC_FB_R;AC_FL_R;DC_FB_R;DC_FL_R;;;2462;33;2495
ITSIOR1;Radial;2040;Global Ambition;AC_FB_R;AC_FL_R;DC_FB_R;DC_FL_R;;;3200;320;3520
ITSIOR1;Radial;2045;Global Ambition;AC_FB_R;AC_FL_R;DC_FB_R;DC_FL_R;;;3200;1617,5;4817,5
ITSIOR1;Radial;2050;Global Ambition;AC_FB_R;AC_FL_R;DC_FB_R;DC_FL_R;;;3200;2915;6115
ITSIOR1;Radial;2030;National Trends;AC_FB_R;AC_FL_R;DC_FB_R;DC_FL_R;;;1400;70;1470
ITSIOR1;Radial;2035;National Trends;AC_FB_R;AC_FL_R;DC_FB_R;DC_FL_R;;;2462;33;2495
ITSIOR1;Radial;2040;National Trends;AC_FB_R;AC_FL_R;DC_FB_R;DC_FL_R;;;3200;320;3520
ITSIOR1;Radial;2045;National Trends;AC_FB_R;AC_FL_R;DC_FB_R;DC_FL_R;;;3200;1617,5;4817,5
ITSIOR1;Radial;2050;National Trends;AC_FB_R;AC_FL_R;DC_FB_R;DC_FL_R;;;3200;2915;6115
LTOR001;Radial;2030;Distributed Energy;AC_FB_R;AC_FL_R;DC_FB_R;DC_FL_R;;;1400;168,627451;1568,627451
LTOR001;Radial;2035;Distributed Energy;AC_FB_R;AC_FL_R;DC_FB_R;DC_FL_R;;;2100;784,3137255;2884,313725
LTOR001;Radial;2040;Distributed Energy;AC_FB_R;AC_FL_R;DC_FB_R;DC_FL_R;;;4200;0;4200
LTOR001;Radial;2045;Distributed Energy;AC_FB_R;AC_FL_R;DC_FB_R;DC_FL_R;;;4200;1700;5900
LTOR001;Radial;2050;Distributed Energy;AC_FB_R;AC_FL_R;DC_FB_R;DC_FL_R;;;7600;0;7600
LTOR001;Radial;2030;Global Ambition;AC_FB_R;AC_FL_R;DC_FB_R;DC_FL_R;;;1400;168,627451;1568,627451
LTOR001;Radial;2035;Global Ambition;AC_FB_R;AC_FL_R;DC_FB_R;DC_FL_R;;;2100;784,3137255;2884,313725
LTOR001;Radial;2040;Global Ambition;AC_FB_R;AC_FL_R;DC_FB_R;DC_FL_R;;;4200;0;4200
LTOR001;Radial;2045;Global Ambition;AC_FB_R;AC_FL_R;DC_FB_R;DC_FL_R;;;4200;1700;5900
LTOR001;Radial;2050;Global Ambition;AC_FB_R;AC_FL_R;DC_FB_R;DC_FL_R;;;7600;0;7600
LTOR001;Radial;2030;National Trends;AC_FB_R;AC_FL_R;DC_FB_R;DC_FL_R;;;1400;168,627451;1568,627451
LTOR001;Radial;2035;National Trends;AC_FB_R;AC_FL_R;DC_FB_R;DC_FL_R;;;2100;784,3137255;2884,313725
LTOR001;Radial;2040;National Trends;AC_FB_R;AC_FL_R;DC_FB_R;DC_FL_R;;;4200;0;4200
LTOR001;Radial;2045;National Trends;AC_FB_R;AC_FL_R;DC_FB_R;DC_FL_R;;;4200;1700;5900
LTOR001;Radial;2050;National Trends;AC_FB_R;AC_FL_R;DC_FB_R;DC_FL_R;;;7600;0;7600
LVOH001;Hub;2030;Distributed Energy;AC_FB_R;AC_FL_R;DC_FB_OH;DC_FL_OH;H2_FB_OH;H2_FL_OH;500;500;1000
LVOH001;Hub;2035;Distributed Energy;AC_FB_R;AC_FL_R;DC_FB_OH;DC_FL_OH;H2_FB_OH;H2_FL_OH;500;1000;1500
LVOH001;Hub;2040;Distributed Energy;AC_FB_R;AC_FL_R;DC_FB_OH;DC_FL_OH;H2_FB_OH;H2_FL_OH;1000;1000;2000
LVOH001;Hub;2045;Distributed Energy;AC_FB_R;AC_FL_R;DC_FB_OH;DC_FL_OH;H2_FB_OH;H2_FL_OH;1000;7000;8000
LVOH001;Hub;2050;Distributed Energy;AC_FB_R;AC_FL_R;DC_FB_OH;DC_FL_OH;H2_FB_OH;H2_FL_OH;7500;6500;14000
LVOH001;Hub;2030;Global Ambition;AC_FB_R;AC_FL_R;DC_FB_OH;DC_FL_OH;H2_FB_OH;H2_FL_OH;500;500;1000
LVOH001;Hub;2035;Global Ambition;AC_FB_R;AC_FL_R;DC_FB_OH;DC_FL_OH;H2_FB_OH;H2_FL_OH;500;1000;1500
LVOH001;Hub;2040;Global Ambition;AC_FB_R;AC_FL_R;DC_FB_OH;DC_FL_OH;H2_FB_OH;H2_FL_OH;1000;1000;2000
LVOH001;Hub;2045;Global Ambition;AC_FB_R;AC_FL_R;DC_FB_OH;DC_FL_OH;H2_FB_OH;H2_FL_OH;1000;7000;8000
LVOH001;Hub;2050;Global Ambition;AC_FB_R;AC_FL_R;DC_FB_OH;DC_FL_OH;H2_FB_OH;H2_FL_OH;7500;6500;14000
LVOH001;Hub;2030;National Trends;AC_FB_R;AC_FL_R;DC_FB_OH;DC_FL_OH;H2_FB_OH;H2_FL_OH;500;500;1000
LVOH001;Hub;2035;National Trends;AC_FB_R;AC_FL_R;DC_FB_OH;DC_FL_OH;H2_FB_OH;H2_FL_OH;500;1000;1500
LVOH001;Hub;2040;National Trends;AC_FB_R;AC_FL_R;DC_FB_OH;DC_FL_OH;H2_FB_OH;H2_FL_OH;1000;1000;2000
LVOH001;Hub;2045;National Trends;AC_FB_R;AC_FL_R;DC_FB_OH;DC_FL_OH;H2_FB_OH;H2_FL_OH;1000;7000;8000
LVOH001;Hub;2050;National Trends;AC_FB_R;AC_FL_R;DC_FB_OH;DC_FL_OH;H2_FB_OH;H2_FL_OH;7500;6500;14000
MEOR001;Radial;2030;Distributed Energy;AC_FB_R;AC_FL_R;DC_FB_R;DC_FL_R;;;0;0;0
MEOR001;Radial;2035;Distributed Energy;AC_FB_R;AC_FL_R;DC_FB_R;DC_FL_R;;;0;0;0
MEOR001;Radial;2040;Distributed Energy;AC_FB_R;AC_FL_R;DC_FB_R;DC_FL_R;;;0;0;0
MEOR001;Radial;2045;Distributed Energy;AC_FB_R;AC_FL_R;DC_FB_R;DC_FL_R;;;0;0;0
MEOR001;Radial;2050;Distributed Energy;AC_FB_R;AC_FL_R;DC_FB_R;DC_FL_R;;;0;0;0
MEOR001;Radial;2030;Global Ambition;AC_FB_R;AC_FL_R;DC_FB_R;DC_FL_R;;;0;0;0
MEOR001;Radial;2035;Global Ambition;AC_FB_R;AC_FL_R;DC_FB_R;DC_FL_R;;;0;0;0
MEOR001;Radial;2040;Global Ambition;AC_FB_R;AC_FL_R;DC_FB_R;DC_FL_R;;;0;0;0
MEOR001;Radial;2045;Global Ambition;AC_FB_R;AC_FL_R;DC_FB_R;DC_FL_R;;;0;0;0
MEOR001;Radial;2050;Global Ambition;AC_FB_R;AC_FL_R;DC_FB_R;DC_FL_R;;;0;0;0
MEOR001;Radial;2030;National Trends;AC_FB_R;AC_FL_R;DC_FB_R;DC_FL_R;;;0;0;0
MEOR001;Radial;2035;National Trends;AC_FB_R;AC_FL_R;DC_FB_R;DC_FL_R;;;0;0;0
MEOR001;Radial;2040;National Trends;AC_FB_R;AC_FL_R;DC_FB_R;DC_FL_R;;;0;0;0
MEOR001;Radial;2045;National Trends;AC_FB_R;AC_FL_R;DC_FB_R;DC_FL_R;;;0;0;0
MEOR001;Radial;2050;National Trends;AC_FB_R;AC_FL_R;DC_FB_R;DC_FL_R;;;0;0;0
MTOR001;Radial;2030;Distributed Energy;AC_FB_R;AC_FL_R;DC_FB_R;DC_FL_R;;;0;50;50
MTOR001;Radial;2035;Distributed Energy;AC_FB_R;AC_FL_R;DC_FB_R;DC_FL_R;;;0;225;225
MTOR001;Radial;2040;Distributed Energy;AC_FB_R;AC_FL_R;DC_FB_R;DC_FL_R;;;0;400;400
MTOR001;Radial;2045;Distributed Energy;AC_FB_R;AC_FL_R;DC_FB_R;DC_FL_R;;;0;400;400
MTOR001;Radial;2050;Distributed Energy;AC_FB_R;AC_FL_R;DC_FB_R;DC_FL_R;;;0;400;400
MTOR001;Radial;2030;Global Ambition;AC_FB_R;AC_FL_R;DC_FB_R;DC_FL_R;;;0;50;50
MTOR001;Radial;2035;Global Ambition;AC_FB_R;AC_FL_R;DC_FB_R;DC_FL_R;;;0;225;225
MTOR001;Radial;2040;Global Ambition;AC_FB_R;AC_FL_R;DC_FB_R;DC_FL_R;;;0;400;400
MTOR001;Radial;2045;Global Ambition;AC_FB_R;AC_FL_R;DC_FB_R;DC_FL_R;;;0;400;400
MTOR001;Radial;2050;Global Ambition;AC_FB_R;AC_FL_R;DC_FB_R;DC_FL_R;;;0;400;400
MTOR001;Radial;2030;National Trends;AC_FB_R;AC_FL_R;DC_FB_R;DC_FL_R;;;0;50;50
MTOR001;Radial;2035;National Trends;AC_FB_R;AC_FL_R;DC_FB_R;DC_FL_R;;;0;225;225
MTOR001;Radial;2040;National Trends;AC_FB_R;AC_FL_R;DC_FB_R;DC_FL_R;;;0;400;400
MTOR001;Radial;2045;National Trends;AC_FB_R;AC_FL_R;DC_FB_R;DC_FL_R;;;0;400;400
MTOR001;Radial;2050;National Trends;AC_FB_R;AC_FL_R;DC_FB_R;DC_FL_R;;;0;400;400
NLOH001;FarShoreHub;2030;Distributed Energy;DC_FB_OH;DC_FL_OH;H2_FB_OH;H2_FL_OH;;;2000;0;2000
NLOH001;FarShoreHub;2035;Distributed Energy;DC_FB_OH;DC_FL_OH;H2_FB_OH;H2_FL_OH;;;9650;0;9650
NLOH001;FarShoreHub;2040;Distributed Energy;DC_FB_OH;DC_FL_OH;H2_FB_OH;H2_FL_OH;;;17300;0;17300
NLOH001;FarShoreHub;2045;Distributed Energy;DC_FB_OH;DC_FL_OH;H2_FB_OH;H2_FL_OH;;;24300;0;24300
NLOH001;FarShoreHub;2050;Distributed Energy;DC_FB_OH;DC_FL_OH;H2_FB_OH;H2_FL_OH;;;31300;0;31300
NLOH001;FarShoreHub;2030;Global Ambition;DC_FB_OH;DC_FL_OH;H2_FB_OH;H2_FL_OH;;;2000;0;2000
NLOH001;FarShoreHub;2035;Global Ambition;DC_FB_OH;DC_FL_OH;H2_FB_OH;H2_FL_OH;;;9650;0;9650
NLOH001;FarShoreHub;2040;Global Ambition;DC_FB_OH;DC_FL_OH;H2_FB_OH;H2_FL_OH;;;17300;0;17300
NLOH001;FarShoreHub;2045;Global Ambition;DC_FB_OH;DC_FL_OH;H2_FB_OH;H2_FL_OH;;;24300;0;24300
NLOH001;FarShoreHub;2050;Global Ambition;DC_FB_OH;DC_FL_OH;H2_FB_OH;H2_FL_OH;;;31300;0;31300
NLOH001;FarShoreHub;2030;National Trends;DC_FB_OH;DC_FL_OH;H2_FB_OH;H2_FL_OH;;;2000;0;2000
NLOH001;FarShoreHub;2035;National Trends;DC_FB_OH;DC_FL_OH;H2_FB_OH;H2_FL_OH;;;9650;0;9650
NLOH001;FarShoreHub;2040;National Trends;DC_FB_OH;DC_FL_OH;H2_FB_OH;H2_FL_OH;;;17300;0;17300
NLOH001;FarShoreHub;2045;National Trends;DC_FB_OH;DC_FL_OH;H2_FB_OH;H2_FL_OH;;;24300;0;24300
NLOH001;FarShoreHub;2050;National Trends;DC_FB_OH;DC_FL_OH;H2_FB_OH;H2_FL_OH;;;31300;0;31300
NLOR001;Radial;2030;Distributed Energy;AC_FB_R;AC_FL_R;DC_FB_R;DC_FL_R;;;14300;0;14300
NLOR001;Radial;2035;Distributed Energy;AC_FB_R;AC_FL_R;DC_FB_R;DC_FL_R;;;23650;0;23650
NLOR001;Radial;2040;Distributed Energy;AC_FB_R;AC_FL_R;DC_FB_R;DC_FL_R;;;33000;0;33000
NLOR001;Radial;2045;Distributed Energy;AC_FB_R;AC_FL_R;DC_FB_R;DC_FL_R;;;37000;0;37000
NLOR001;Radial;2050;Distributed Energy;AC_FB_R;AC_FL_R;DC_FB_R;DC_FL_R;;;41000;0;41000
NLOR001;Radial;2030;Global Ambition;AC_FB_R;AC_FL_R;DC_FB_R;DC_FL_R;;;14300;0;14300
NLOR001;Radial;2035;Global Ambition;AC_FB_R;AC_FL_R;DC_FB_R;DC_FL_R;;;23650;0;23650
NLOR001;Radial;2040;Global Ambition;AC_FB_R;AC_FL_R;DC_FB_R;DC_FL_R;;;33000;0;33000
NLOR001;Radial;2045;Global Ambition;AC_FB_R;AC_FL_R;DC_FB_R;DC_FL_R;;;37000;0;37000
NLOR001;Radial;2050;Global Ambition;AC_FB_R;AC_FL_R;DC_FB_R;DC_FL_R;;;41000;0;41000
NLOR001;Radial;2030;National Trends;AC_FB_R;AC_FL_R;DC_FB_R;DC_FL_R;;;14300;0;14300
NLOR001;Radial;2035;National Trends;AC_FB_R;AC_FL_R;DC_FB_R;DC_FL_R;;;23650;0;23650
NLOR001;Radial;2040;National Trends;AC_FB_R;AC_FL_R;DC_FB_R;DC_FL_R;;;33000;0;33000
NLOR001;Radial;2045;National Trends;AC_FB_R;AC_FL_R;DC_FB_R;DC_FL_R;;;37000;0;37000
NLOR001;Radial;2050;National Trends;AC_FB_R;AC_FL_R;DC_FB_R;DC_FL_R;;;41000;0;41000
NOMOH01;Hub;2030;Distributed Energy;AC_FB_R;AC_FL_R;DC_FB_OH;DC_FL_OH;H2_FB_OH;H2_FL_OH;0;0;0
NOMOH01;Hub;2035;Distributed Energy;AC_FB_R;AC_FL_R;DC_FB_OH;DC_FL_OH;H2_FB_OH;H2_FL_OH;0;1500;1500
NOMOH01;Hub;2040;Distributed Energy;AC_FB_R;AC_FL_R;DC_FB_OH;DC_FL_OH;H2_FB_OH;H2_FL_OH;2000;1000;3000
NOMOH01;Hub;2045;Distributed Energy;AC_FB_R;AC_FL_R;DC_FB_OH;DC_FL_OH;H2_FB_OH;H2_FL_OH;2000;1000;3000
NOMOH01;Hub;2050;Distributed Energy;AC_FB_R;AC_FL_R;DC_FB_OH;DC_FL_OH;H2_FB_OH;H2_FL_OH;2000;1000;3000
NOMOH01;Hub;2030;Global Ambition;AC_FB_R;AC_FL_R;DC_FB_OH;DC_FL_OH;H2_FB_OH;H2_FL_OH;0;0;0
NOMOH01;Hub;2035;Global Ambition;AC_FB_R;AC_FL_R;DC_FB_OH;DC_FL_OH;H2_FB_OH;H2_FL_OH;0;1500;1500
NOMOH01;Hub;2040;Global Ambition;AC_FB_R;AC_FL_R;DC_FB_OH;DC_FL_OH;H2_FB_OH;H2_FL_OH;2000;1000;3000
NOMOH01;Hub;2045;Global Ambition;AC_FB_R;AC_FL_R;DC_FB_OH;DC_FL_OH;H2_FB_OH;H2_FL_OH;2000;1000;3000
NOMOH01;Hub;2050;Global Ambition;AC_FB_R;AC_FL_R;DC_FB_OH;DC_FL_OH;H2_FB_OH;H2_FL_OH;2000;1000;3000
NOMOH01;Hub;2030;National Trends;AC_FB_R;AC_FL_R;DC_FB_OH;DC_FL_OH;H2_FB_OH;H2_FL_OH;0;0;0
NOMOH01;Hub;2035;National Trends;AC_FB_R;AC_FL_R;DC_FB_OH;DC_FL_OH;H2_FB_OH;H2_FL_OH;0;1500;1500
NOMOH01;Hub;2040;National Trends;AC_FB_R;AC_FL_R;DC_FB_OH;DC_FL_OH;H2_FB_OH;H2_FL_OH;2000;1000;3000
NOMOH01;Hub;2045;National Trends;AC_FB_R;AC_FL_R;DC_FB_OH;DC_FL_OH;H2_FB_OH;H2_FL_OH;2000;1000;3000
NOMOH01;Hub;2050;National Trends;AC_FB_R;AC_FL_R;DC_FB_OH;DC_FL_OH;H2_FB_OH;H2_FL_OH;2000;1000;3000
NONOH01;Hub;2030;Distributed Energy;AC_FB_R;AC_FL_R;DC_FB_OH;DC_FL_OH;H2_FB_OH;H2_FL_OH;0;0;0
NONOH01;Hub;2035;Distributed Energy;AC_FB_R;AC_FL_R;DC_FB_OH;DC_FL_OH;H2_FB_OH;H2_FL_OH;0;1000;1000
NONOH01;Hub;2040;Distributed Energy;AC_FB_R;AC_FL_R;DC_FB_OH;DC_FL_OH;H2_FB_OH;H2_FL_OH;500;1500;2000
NONOH01;Hub;2045;Distributed Energy;AC_FB_R;AC_FL_R;DC_FB_OH;DC_FL_OH;H2_FB_OH;H2_FL_OH;500;2500;3000
NONOH01;Hub;2050;Distributed Energy;AC_FB_R;AC_FL_R;DC_FB_OH;DC_FL_OH;H2_FB_OH;H2_FL_OH;500;3500;4000
NONOH01;Hub;2030;Global Ambition;AC_FB_R;AC_FL_R;DC_FB_OH;DC_FL_OH;H2_FB_OH;H2_FL_OH;0;0;0
NONOH01;Hub;2035;Global Ambition;AC_FB_R;AC_FL_R;DC_FB_OH;DC_FL_OH;H2_FB_OH;H2_FL_OH;0;1000;1000
NONOH01;Hub;2040;Global Ambition;AC_FB_R;AC_FL_R;DC_FB_OH;DC_FL_OH;H2_FB_OH;H2_FL_OH;500;1500;2000
NONOH01;Hub;2045;Global Ambition;AC_FB_R;AC_FL_R;DC_FB_OH;DC_FL_OH;H2_FB_OH;H2_FL_OH;500;2500;3000
NONOH01;Hub;2050;Global Ambition;AC_FB_R;AC_FL_R;DC_FB_OH;DC_FL_OH;H2_FB_OH;H2_FL_OH;500;3500;4000
NONOH01;Hub;2030;National Trends;AC_FB_R;AC_FL_R;DC_FB_OH;DC_FL_OH;H2_FB_OH;H2_FL_OH;0;0;0
NONOH01;Hub;2035;National Trends;AC_FB_R;AC_FL_R;DC_FB_OH;DC_FL_OH;H2_FB_OH;H2_FL_OH;0;1000;1000
NONOH01;Hub;2040;National Trends;AC_FB_R;AC_FL_R;DC_FB_OH;DC_FL_OH;H2_FB_OH;H2_FL_OH;500;1500;2000
NONOH01;Hub;2045;National Trends;AC_FB_R;AC_FL_R;DC_FB_OH;DC_FL_OH;H2_FB_OH;H2_FL_OH;500;2500;3000
NONOH01;Hub;2050;National Trends;AC_FB_R;AC_FL_R;DC_FB_OH;DC_FL_OH;H2_FB_OH;H2_FL_OH;500;3500;4000
NOSOH01;FarShoreHub;2030;Distributed Energy;DC_FB_OH;DC_FL_OH;H2_FB_OH;H2_FL_OH;;;1503,5;0;1503,5
NOSOH01;FarShoreHub;2035;Distributed Energy;DC_FB_OH;DC_FL_OH;H2_FB_OH;H2_FL_OH;;;3003,5;248,25;3251,75
NOSOH01;FarShoreHub;2040;Distributed Energy;DC_FB_OH;DC_FL_OH;H2_FB_OH;H2_FL_OH;;;4503,5;1011,74851;5515,24851
NOSOH01;FarShoreHub;2045;Distributed Energy;DC_FB_OH;DC_FL_OH;H2_FB_OH;H2_FL_OH;;;4503,5;1518,509596;6022,009596
NOSOH01;FarShoreHub;2050;Distributed Energy;DC_FB_OH;DC_FL_OH;H2_FB_OH;H2_FL_OH;;;4503,5;2025,270683;6528,770683
NOSOH01;FarShoreHub;2030;Global Ambition;DC_FB_OH;DC_FL_OH;H2_FB_OH;H2_FL_OH;;;1503,5;0;1503,5
NOSOH01;FarShoreHub;2035;Global Ambition;DC_FB_OH;DC_FL_OH;H2_FB_OH;H2_FL_OH;;;3003,5;248,25;3251,75
NOSOH01;FarShoreHub;2040;Global Ambition;DC_FB_OH;DC_FL_OH;H2_FB_OH;H2_FL_OH;;;4503,5;1011,74851;5515,24851
NOSOH01;FarShoreHub;2045;Global Ambition;DC_FB_OH;DC_FL_OH;H2_FB_OH;H2_FL_OH;;;4503,5;1518,509596;6022,009596
NOSOH01;FarShoreHub;2050;Global Ambition;DC_FB_OH;DC_FL_OH;H2_FB_OH;H2_FL_OH;;;4503,5;2025,270683;6528,770683
NOSOH01;FarShoreHub;2030;National Trends;DC_FB_OH;DC_FL_OH;H2_FB_OH;H2_FL_OH;;;1503,5;0;1503,5
NOSOH01;FarShoreHub;2035;National Trends;DC_FB_OH;DC_FL_OH;H2_FB_OH;H2_FL_OH;;;3003,5;248,25;3251,75
NOSOH01;FarShoreHub;2040;National Trends;DC_FB_OH;DC_FL_OH;H2_FB_OH;H2_FL_OH;;;4503,5;1011,74851;5515,24851
NOSOH01;FarShoreHub;2045;National Trends;DC_FB_OH;DC_FL_OH;H2_FB_OH;H2_FL_OH;;;4503,5;1518,509596;6022,009596
NOSOH01;FarShoreHub;2050;National Trends;DC_FB_OH;DC_FL_OH;H2_FB_OH;H2_FL_OH;;;4503,5;2025,270683;6528,770683
NOSOH02;Hub;2030;Distributed Energy;AC_FB_R;AC_FL_R;DC_FB_OH;DC_FL_OH;H2_FB_OH;H2_FL_OH;0;0;0
NOSOH02;Hub;2035;Distributed Energy;AC_FB_R;AC_FL_R;DC_FB_OH;DC_FL_OH;H2_FB_OH;H2_FL_OH;1500;0;1500
NOSOH02;Hub;2040;Distributed Energy;AC_FB_R;AC_FL_R;DC_FB_OH;DC_FL_OH;H2_FB_OH;H2_FL_OH;1500;711,7695668;2211,769567
NOSOH02;Hub;2045;Distributed Energy;AC_FB_R;AC_FL_R;DC_FB_OH;DC_FL_OH;H2_FB_OH;H2_FL_OH;1500;1068,27824;2568,27824
NOSOH02;Hub;2050;Distributed Energy;AC_FB_R;AC_FL_R;DC_FB_OH;DC_FL_OH;H2_FB_OH;H2_FL_OH;1500;1424,786914;2924,786914
NOSOH02;Hub;2030;Global Ambition;AC_FB_R;AC_FL_R;DC_FB_OH;DC_FL_OH;H2_FB_OH;H2_FL_OH;0;0;0
NOSOH02;Hub;2035;Global Ambition;AC_FB_R;AC_FL_R;DC_FB_OH;DC_FL_OH;H2_FB_OH;H2_FL_OH;1500;0;1500
NOSOH02;Hub;2040;Global Ambition;AC_FB_R;AC_FL_R;DC_FB_OH;DC_FL_OH;H2_FB_OH;H2_FL_OH;1500;711,7695668;2211,769567
NOSOH02;Hub;2045;Global Ambition;AC_FB_R;AC_FL_R;DC_FB_OH;DC_FL_OH;H2_FB_OH;H2_FL_OH;1500;1068,27824;2568,27824
NOSOH02;Hub;2050;Global Ambition;AC_FB_R;AC_FL_R;DC_FB_OH;DC_FL_OH;H2_FB_OH;H2_FL_OH;1500;1424,786914;2924,786914
NOSOH02;Hub;2030;National Trends;AC_FB_R;AC_FL_R;DC_FB_OH;DC_FL_OH;H2_FB_OH;H2_FL_OH;0;0;0
NOSOH02;Hub;2035;National Trends;AC_FB_R;AC_FL_R;DC_FB_OH;DC_FL_OH;H2_FB_OH;H2_FL_OH;1500;0;1500
NOSOH02;Hub;2040;National Trends;AC_FB_R;AC_FL_R;DC_FB_OH;DC_FL_OH;H2_FB_OH;H2_FL_OH;1500;711,7695668;2211,769567
NOSOH02;Hub;2045;National Trends;AC_FB_R;AC_FL_R;DC_FB_OH;DC_FL_OH;H2_FB_OH;H2_FL_OH;1500;1068,27824;2568,27824
NOSOH02;Hub;2050;National Trends;AC_FB_R;AC_FL_R;DC_FB_OH;DC_FL_OH;H2_FB_OH;H2_FL_OH;1500;1424,786914;2924,786914
NOSOR01;Radial;2030;Distributed Energy;AC_FB_R;AC_FL_R;DC_FB_R;DC_FL_R;;;1500;0;1500
NOSOR01;Radial;2035;Distributed Energy;AC_FB_R;AC_FL_R;DC_FB_R;DC_FL_R;;;1500;0;1500
NOSOR01;Radial;2040;Distributed Energy;AC_FB_R;AC_FL_R;DC_FB_R;DC_FL_R;;;1500;272,9819236;1772,981924
NOSOR01;Radial;2045;Distributed Energy;AC_FB_R;AC_FL_R;DC_FB_R;DC_FL_R;;;1500;409,7121634;1909,712163
NOSOR01;Radial;2050;Distributed Energy;AC_FB_R;AC_FL_R;DC_FB_R;DC_FL_R;;;1500;546,4424031;2046,442403
NOSOR01;Radial;2030;Global Ambition;AC_FB_R;AC_FL_R;DC_FB_R;DC_FL_R;;;1500;0;1500
NOSOR01;Radial;2035;Global Ambition;AC_FB_R;AC_FL_R;DC_FB_R;DC_FL_R;;;1500;0;1500
NOSOR01;Radial;2040;Global Ambition;AC_FB_R;AC_FL_R;DC_FB_R;DC_FL_R;;;1500;272,9819236;1772,981924
NOSOR01;Radial;2045;Global Ambition;AC_FB_R;AC_FL_R;DC_FB_R;DC_FL_R;;;1500;409,7121634;1909,712163
NOSOR01;Radial;2050;Global Ambition;AC_FB_R;AC_FL_R;DC_FB_R;DC_FL_R;;;1500;546,4424031;2046,442403
NOSOR01;Radial;2030;National Trends;AC_FB_R;AC_FL_R;DC_FB_R;DC_FL_R;;;1500;0;1500
NOSOR01;Radial;2035;National Trends;AC_FB_R;AC_FL_R;DC_FB_R;DC_FL_R;;;1500;0;1500
NOSOR01;Radial;2040;National Trends;AC_FB_R;AC_FL_R;DC_FB_R;DC_FL_R;;;1500;272,9819236;1772,981924
NOSOR01;Radial;2045;National Trends;AC_FB_R;AC_FL_R;DC_FB_R;DC_FL_R;;;1500;409,7121634;1909,712163
NOSOR01;Radial;2050;National Trends;AC_FB_R;AC_FL_R;DC_FB_R;DC_FL_R;;;1500;546,4424031;2046,442403
PLOH001;Hub;2030;Distributed Energy;AC_FB_R;AC_FL_R;DC_FB_OH;DC_FL_OH;H2_FB_OH;H2_FL_OH;10004;896;10900
PLOH001;Hub;2035;Distributed Energy;AC_FB_R;AC_FL_R;DC_FB_OH;DC_FL_OH;H2_FB_OH;H2_FL_OH;10900;5450;16350
PLOH001;Hub;2040;Distributed Energy;AC_FB_R;AC_FL_R;DC_FB_OH;DC_FL_OH;H2_FB_OH;H2_FL_OH;10900;10900;21800
PLOH001;Hub;2045;Distributed Energy;AC_FB_R;AC_FL_R;DC_FB_OH;DC_FL_OH;H2_FB_OH;H2_FL_OH;10900;17500;28400
PLOH001;Hub;2050;Distributed Energy;AC_FB_R;AC_FL_R;DC_FB_OH;DC_FL_OH;H2_FB_OH;H2_FL_OH;10900;24100;35000
PLOH001;Hub;2030;Global Ambition;AC_FB_R;AC_FL_R;DC_FB_OH;DC_FL_OH;H2_FB_OH;H2_FL_OH;10004;896;10900
PLOH001;Hub;2035;Global Ambition;AC_FB_R;AC_FL_R;DC_FB_OH;DC_FL_OH;H2_FB_OH;H2_FL_OH;10900;5450;16350
PLOH001;Hub;2040;Global Ambition;AC_FB_R;AC_FL_R;DC_FB_OH;DC_FL_OH;H2_FB_OH;H2_FL_OH;10900;10900;21800
PLOH001;Hub;2045;Global Ambition;AC_FB_R;AC_FL_R;DC_FB_OH;DC_FL_OH;H2_FB_OH;H2_FL_OH;10900;17500;28400
PLOH001;Hub;2050;Global Ambition;AC_FB_R;AC_FL_R;DC_FB_OH;DC_FL_OH;H2_FB_OH;H2_FL_OH;10900;24100;35000
PLOH001;Hub;2030;National Trends;AC_FB_R;AC_FL_R;DC_FB_OH;DC_FL_OH;H2_FB_OH;H2_FL_OH;10004;896;10900
PLOH001;Hub;2035;National Trends;AC_FB_R;AC_FL_R;DC_FB_OH;DC_FL_OH;H2_FB_OH;H2_FL_OH;10900;5450;16350
PLOH001;Hub;2040;National Trends;AC_FB_R;AC_FL_R;DC_FB_OH;DC_FL_OH;H2_FB_OH;H2_FL_OH;10900;10900;21800
PLOH001;Hub;2045;National Trends;AC_FB_R;AC_FL_R;DC_FB_OH;DC_FL_OH;H2_FB_OH;H2_FL_OH;10900;17500;28400
PLOH001;Hub;2050;National Trends;AC_FB_R;AC_FL_R;DC_FB_OH;DC_FL_OH;H2_FB_OH;H2_FL_OH;10900;24100;35000
PTOH001;Hub;2030;Distributed Energy;AC_FB_R;AC_FL_R;DC_FB_OH;DC_FL_OH;H2_FB_OH;H2_FL_OH;2000;0;2000
PTOH001;Hub;2035;Distributed Energy;AC_FB_R;AC_FL_R;DC_FB_OH;DC_FL_OH;H2_FB_OH;H2_FL_OH;6000;0;6000
PTOH001;Hub;2040;Distributed Energy;AC_FB_R;AC_FL_R;DC_FB_OH;DC_FL_OH;H2_FB_OH;H2_FL_OH;10000;0;10000
PTOH001;Hub;2045;Distributed Energy;AC_FB_R;AC_FL_R;DC_FB_OH;DC_FL_OH;H2_FB_OH;H2_FL_OH;10000;0;10000
PTOH001;Hub;2050;Distributed Energy;AC_FB_R;AC_FL_R;DC_FB_OH;DC_FL_OH;H2_FB_OH;H2_FL_OH;10000;0;10000
PTOH001;Hub;2030;Global Ambition;AC_FB_R;AC_FL_R;DC_FB_OH;DC_FL_OH;H2_FB_OH;H2_FL_OH;2000;0;2000
PTOH001;Hub;2035;Global Ambition;AC_FB_R;AC_FL_R;DC_FB_OH;DC_FL_OH;H2_FB_OH;H2_FL_OH;6000;0;6000
PTOH001;Hub;2040;Global Ambition;AC_FB_R;AC_FL_R;DC_FB_OH;DC_FL_OH;H2_FB_OH;H2_FL_OH;10000;0;10000
PTOH001;Hub;2045;Global Ambition;AC_FB_R;AC_FL_R;DC_FB_OH;DC_FL_OH;H2_FB_OH;H2_FL_OH;10000;0;10000
PTOH001;Hub;2050;Global Ambition;AC_FB_R;AC_FL_R;DC_FB_OH;DC_FL_OH;H2_FB_OH;H2_FL_OH;10000;0;10000
PTOH001;Hub;2030;National Trends;AC_FB_R;AC_FL_R;DC_FB_OH;DC_FL_OH;H2_FB_OH;H2_FL_OH;2000;0;2000
PTOH001;Hub;2035;National Trends;AC_FB_R;AC_FL_R;DC_FB_OH;DC_FL_OH;H2_FB_OH;H2_FL_OH;6000;0;6000
PTOH001;Hub;2040;National Trends;AC_FB_R;AC_FL_R;DC_FB_OH;DC_FL_OH;H2_FB_OH;H2_FL_OH;10000;0;10000
PTOH001;Hub;2045;National Trends;AC_FB_R;AC_FL_R;DC_FB_OH;DC_FL_OH;H2_FB_OH;H2_FL_OH;10000;0;10000
PTOH001;Hub;2050;National Trends;AC_FB_R;AC_FL_R;DC_FB_OH;DC_FL_OH;H2_FB_OH;H2_FL_OH;10000;0;10000
ROOR001;Radial;2030;Distributed Energy;AC_FB_R;AC_FL_R;DC_FB_R;DC_FL_R;;;1000;1000;2000
ROOR001;Radial;2035;Distributed Energy;AC_FB_R;AC_FL_R;DC_FB_R;DC_FL_R;;;1000;1500;2500
ROOR001;Radial;2040;Distributed Energy;AC_FB_R;AC_FL_R;DC_FB_R;DC_FL_R;;;1000;2000;3000
ROOR001;Radial;2045;Distributed Energy;AC_FB_R;AC_FL_R;DC_FB_R;DC_FL_R;;;1000;2500;3500
ROOR001;Radial;2050;Distributed Energy;AC_FB_R;AC_FL_R;DC_FB_R;DC_FL_R;;;1000;3000;4000
ROOR001;Radial;2030;Global Ambition;AC_FB_R;AC_FL_R;DC_FB_R;DC_FL_R;;;1000;1000;2000
ROOR001;Radial;2035;Global Ambition;AC_FB_R;AC_FL_R;DC_FB_R;DC_FL_R;;;1000;1500;2500
ROOR001;Radial;2040;Global Ambition;AC_FB_R;AC_FL_R;DC_FB_R;DC_FL_R;;;1000;2000;3000
ROOR001;Radial;2045;Global Ambition;AC_FB_R;AC_FL_R;DC_FB_R;DC_FL_R;;;1000;2500;3500
ROOR001;Radial;2050;Global Ambition;AC_FB_R;AC_FL_R;DC_FB_R;DC_FL_R;;;1000;3000;4000
ROOR001;Radial;2030;National Trends;AC_FB_R;AC_FL_R;DC_FB_R;DC_FL_R;;;1000;1000;2000
ROOR001;Radial;2035;National Trends;AC_FB_R;AC_FL_R;DC_FB_R;DC_FL_R;;;1000;1500;2500
ROOR001;Radial;2040;National Trends;AC_FB_R;AC_FL_R;DC_FB_R;DC_FL_R;;;1000;2000;3000
ROOR001;Radial;2045;National Trends;AC_FB_R;AC_FL_R;DC_FB_R;DC_FL_R;;;1000;2500;3500
ROOR001;Radial;2050;National Trends;AC_FB_R;AC_FL_R;DC_FB_R;DC_FL_R;;;1000;3000;4000
SEOH001;Hub;2030;Distributed Energy;AC_FB_R;AC_FL_R;DC_FB_OH;DC_FL_OH;H2_FB_OH;H2_FL_OH;0;0;0
SEOH001;Hub;2035;Distributed Energy;AC_FB_R;AC_FL_R;DC_FB_OH;DC_FL_OH;H2_FB_OH;H2_FL_OH;1000;500;1500
SEOH001;Hub;2040;Distributed Energy;AC_FB_R;AC_FL_R;DC_FB_OH;DC_FL_OH;H2_FB_OH;H2_FL_OH;1000;2000;3000
SEOH001;Hub;2045;Distributed Energy;AC_FB_R;AC_FL_R;DC_FB_OH;DC_FL_OH;H2_FB_OH;H2_FL_OH;1000;6000;7000
SEOH001;Hub;2050;Distributed Energy;AC_FB_R;AC_FL_R;DC_FB_OH;DC_FL_OH;H2_FB_OH;H2_FL_OH;3000;8000;11000
SEOH001;Hub;2030;Global Ambition;AC_FB_R;AC_FL_R;DC_FB_OH;DC_FL_OH;H2_FB_OH;H2_FL_OH;0;0;0
SEOH001;Hub;2035;Global Ambition;AC_FB_R;AC_FL_R;DC_FB_OH;DC_FL_OH;H2_FB_OH;H2_FL_OH;1000;500;1500
SEOH001;Hub;2040;Global Ambition;AC_FB_R;AC_FL_R;DC_FB_OH;DC_FL_OH;H2_FB_OH;H2_FL_OH;1000;2000;3000
SEOH001;Hub;2045;Global Ambition;AC_FB_R;AC_FL_R;DC_FB_OH;DC_FL_OH;H2_FB_OH;H2_FL_OH;1000;6000;7000
SEOH001;Hub;2050;Global Ambition;AC_FB_R;AC_FL_R;DC_FB_OH;DC_FL_OH;H2_FB_OH;H2_FL_OH;3000;8000;11000
SEOH001;Hub;2030;National Trends;AC_FB_R;AC_FL_R;DC_FB_OH;DC_FL_OH;H2_FB_OH;H2_FL_OH;0;0;0
SEOH001;Hub;2035;National Trends;AC_FB_R;AC_FL_R;DC_FB_OH;DC_FL_OH;H2_FB_OH;H2_FL_OH;1000;500;1500
SEOH001;Hub;2040;National Trends;AC_FB_R;AC_FL_R;DC_FB_OH;DC_FL_OH;H2_FB_OH;H2_FL_OH;1000;2000;3000
SEOH001;Hub;2045;National Trends;AC_FB_R;AC_FL_R;DC_FB_OH;DC_FL_OH;H2_FB_OH;H2_FL_OH;1000;6000;7000
SEOH001;Hub;2050;National Trends;AC_FB_R;AC_FL_R;DC_FB_OH;DC_FL_OH;H2_FB_OH;H2_FL_OH;3000;8000;11000
SEOH002;Hub;2030;Distributed Energy;AC_FB_R;AC_FL_R;DC_FB_OH;DC_FL_OH;H2_FB_OH;H2_FL_OH;0;4900;4900
SEOH002;Hub;2035;Distributed Energy;AC_FB_R;AC_FL_R;DC_FB_OH;DC_FL_OH;H2_FB_OH;H2_FL_OH;1400;5300;6700
SEOH002;Hub;2040;Distributed Energy;AC_FB_R;AC_FL_R;DC_FB_OH;DC_FL_OH;H2_FB_OH;H2_FL_OH;5400;3100;8500
SEOH002;Hub;2045;Distributed Energy;AC_FB_R;AC_FL_R;DC_FB_OH;DC_FL_OH;H2_FB_OH;H2_FL_OH;5400;4600;10000
SEOH002;Hub;2050;Distributed Energy;AC_FB_R;AC_FL_R;DC_FB_OH;DC_FL_OH;H2_FB_OH;H2_FL_OH;5400;6100;11500
SEOH002;Hub;2030;Global Ambition;AC_FB_R;AC_FL_R;DC_FB_OH;DC_FL_OH;H2_FB_OH;H2_FL_OH;0;4900;4900
SEOH002;Hub;2035;Global Ambition;AC_FB_R;AC_FL_R;DC_FB_OH;DC_FL_OH;H2_FB_OH;H2_FL_OH;1400;5300;6700
SEOH002;Hub;2040;Global Ambition;AC_FB_R;AC_FL_R;DC_FB_OH;DC_FL_OH;H2_FB_OH;H2_FL_OH;5400;3100;8500
SEOH002;Hub;2045;Global Ambition;AC_FB_R;AC_FL_R;DC_FB_OH;DC_FL_OH;H2_FB_OH;H2_FL_OH;5400;4600;10000
SEOH002;Hub;2050;Global Ambition;AC_FB_R;AC_FL_R;DC_FB_OH;DC_FL_OH;H2_FB_OH;H2_FL_OH;5400;6100;11500
SEOH002;Hub;2030;National Trends;AC_FB_R;AC_FL_R;DC_FB_OH;DC_FL_OH;H2_FB_OH;H2_FL_OH;0;4900;4900
SEOH002;Hub;2035;National Trends;AC_FB_R;AC_FL_R;DC_FB_OH;DC_FL_OH;H2_FB_OH;H2_FL_OH;1400;5300;6700
SEOH002;Hub;2040;National Trends;AC_FB_R;AC_FL_R;DC_FB_OH;DC_FL_OH;H2_FB_OH;H2_FL_OH;5400;3100;8500
SEOH002;Hub;2045;National Trends;AC_FB_R;AC_FL_R;DC_FB_OH;DC_FL_OH;H2_FB_OH;H2_FL_OH;5400;4600;10000
SEOH002;Hub;2050;National Trends;AC_FB_R;AC_FL_R;DC_FB_OH;DC_FL_OH;H2_FB_OH;H2_FL_OH;5400;6100;11500
SEOH003;Hub;2030;Distributed Energy;AC_FB_R;AC_FL_R;DC_FB_OH;DC_FL_OH;H2_FB_OH;H2_FL_OH;600;4050;4650
SEOH003;Hub;2035;Distributed Energy;AC_FB_R;AC_FL_R;DC_FB_OH;DC_FL_OH;H2_FB_OH;H2_FL_OH;4200;4525;8725
SEOH003;Hub;2040;Distributed Energy;AC_FB_R;AC_FL_R;DC_FB_OH;DC_FL_OH;H2_FB_OH;H2_FL_OH;6200;6600;12800
SEOH003;Hub;2045;Distributed Energy;AC_FB_R;AC_FL_R;DC_FB_OH;DC_FL_OH;H2_FB_OH;H2_FL_OH;6200;19450;25650
SEOH003;Hub;2050;Distributed Energy;AC_FB_R;AC_FL_R;DC_FB_OH;DC_FL_OH;H2_FB_OH;H2_FL_OH;6200;32300;38500
SEOH003;Hub;2030;Global Ambition;AC_FB_R;AC_FL_R;DC_FB_OH;DC_FL_OH;H2_FB_OH;H2_FL_OH;600;4050;4650
SEOH003;Hub;2035;Global Ambition;AC_FB_R;AC_FL_R;DC_FB_OH;DC_FL_OH;H2_FB_OH;H2_FL_OH;4200;4525;8725
SEOH003;Hub;2040;Global Ambition;AC_FB_R;AC_FL_R;DC_FB_OH;DC_FL_OH;H2_FB_OH;H2_FL_OH;6200;6600;12800
SEOH003;Hub;2045;Global Ambition;AC_FB_R;AC_FL_R;DC_FB_OH;DC_FL_OH;H2_FB_OH;H2_FL_OH;6200;19450;25650
SEOH003;Hub;2050;Global Ambition;AC_FB_R;AC_FL_R;DC_FB_OH;DC_FL_OH;H2_FB_OH;H2_FL_OH;6200;32300;38500
SEOH003;Hub;2030;National Trends;AC_FB_R;AC_FL_R;DC_FB_OH;DC_FL_OH;H2_FB_OH;H2_FL_OH;600;4050;4650
SEOH003;Hub;2035;National Trends;AC_FB_R;AC_FL_R;DC_FB_OH;DC_FL_OH;H2_FB_OH;H2_FL_OH;4200;4525;8725
SEOH003;Hub;2040;National Trends;AC_FB_R;AC_FL_R;DC_FB_OH;DC_FL_OH;H2_FB_OH;H2_FL_OH;6200;6600;12800
SEOH003;Hub;2045;National Trends;AC_FB_R;AC_FL_R;DC_FB_OH;DC_FL_OH;H2_FB_OH;H2_FL_OH;6200;19450;25650
SEOH003;Hub;2050;National Trends;AC_FB_R;AC_FL_R;DC_FB_OH;DC_FL_OH;H2_FB_OH;H2_FL_OH;6200;32300;38500
SEOR001;Radial;2030;Distributed Energy;AC_FB_R;AC_FL_R;DC_FB_R;DC_FL_R;;;0;350;350
SEOR001;Radial;2035;Distributed Energy;AC_FB_R;AC_FL_R;DC_FB_R;DC_FL_R;;;0;1675;1675
SEOR001;Radial;2040;Distributed Energy;AC_FB_R;AC_FL_R;DC_FB_R;DC_FL_R;;;0;3000;3000
SEOR001;Radial;2045;Distributed Energy;AC_FB_R;AC_FL_R;DC_FB_R;DC_FL_R;;;0;7000;7000
SEOR001;Radial;2050;Distributed Energy;AC_FB_R;AC_FL_R;DC_FB_R;DC_FL_R;;;0;11000;11000
SEOR001;Radial;2030;Global Ambition;AC_FB_R;AC_FL_R;DC_FB_R;DC_FL_R;;;0;350;350
SEOR001;Radial;2035;Global Ambition;AC_FB_R;AC_FL_R;DC_FB_R;DC_FL_R;;;0;1675;1675
SEOR001;Radial;2040;Global Ambition;AC_FB_R;AC_FL_R;DC_FB_R;DC_FL_R;;;0;3000;3000
SEOR001;Radial;2045;Global Ambition;AC_FB_R;AC_FL_R;DC_FB_R;DC_FL_R;;;0;7000;7000
SEOR001;Radial;2050;Global Ambition;AC_FB_R;AC_FL_R;DC_FB_R;DC_FL_R;;;0;11000;11000
SEOR001;Radial;2030;National Trends;AC_FB_R;AC_FL_R;DC_FB_R;DC_FL_R;;;0;350;350
SEOR001;Radial;2035;National Trends;AC_FB_R;AC_FL_R;DC_FB_R;DC_FL_R;;;0;1675;1675
SEOR001;Radial;2040;National Trends;AC_FB_R;AC_FL_R;DC_FB_R;DC_FL_R;;;0;3000;3000
SEOR001;Radial;2045;National Trends;AC_FB_R;AC_FL_R;DC_FB_R;DC_FL_R;;;0;7000;7000
SEOR001;Radial;2050;National Trends;AC_FB_R;AC_FL_R;DC_FB_R;DC_FL_R;;;0;11000;11000
UAOR001;Radial;2030;Distributed Energy;AC_FB_R;AC_FL_R;DC_FB_R;DC_FL_R;;;0;0;0
UAOR001;Radial;2035;Distributed Energy;AC_FB_R;AC_FL_R;DC_FB_R;DC_FL_R;;;0;0;0
UAOR001;Radial;2040;Distributed Energy;AC_FB_R;AC_FL_R;DC_FB_R;DC_FL_R;;;0;0;0
UAOR001;Radial;2045;Distributed Energy;AC_FB_R;AC_FL_R;DC_FB_R;DC_FL_R;;;0;0;0
UAOR001;Radial;2050;Distributed Energy;AC_FB_R;AC_FL_R;DC_FB_R;DC_FL_R;;;0;0;0
UAOR001;Radial;2030;Global Ambition;AC_FB_R;AC_FL_R;DC_FB_R;DC_FL_R;;;0;0;0
UAOR001;Radial;2035;Global Ambition;AC_FB_R;AC_FL_R;DC_FB_R;DC_FL_R;;;0;0;0
UAOR001;Radial;2040;Global Ambition;AC_FB_R;AC_FL_R;DC_FB_R;DC_FL_R;;;0;0;0
UAOR001;Radial;2045;Global Ambition;AC_FB_R;AC_FL_R;DC_FB_R;DC_FL_R;;;0;0;0
UAOR001;Radial;2050;Global Ambition;AC_FB_R;AC_FL_R;DC_FB_R;DC_FL_R;;;0;0;0
UAOR001;Radial;2030;National Trends;AC_FB_R;AC_FL_R;DC_FB_R;DC_FL_R;;;0;0;0
UAOR001;Radial;2035;National Trends;AC_FB_R;AC_FL_R;DC_FB_R;DC_FL_R;;;0;0;0
UAOR001;Radial;2040;National Trends;AC_FB_R;AC_FL_R;DC_FB_R;DC_FL_R;;;0;0;0
UAOR001;Radial;2045;National Trends;AC_FB_R;AC_FL_R;DC_FB_R;DC_FL_R;;;0;0;0
UAOR001;Radial;2050;National Trends;AC_FB_R;AC_FL_R;DC_FB_R;DC_FL_R;;;0;0;0
UKNIOR1;Radial;2030;Distributed Energy;AC_FB_R;AC_FL_R;DC_FB_R;DC_FL_R;;;500;0;500
UKNIOR1;Radial;2035;Distributed Energy;AC_FB_R;AC_FL_R;DC_FB_R;DC_FL_R;;;750;0;750
UKNIOR1;Radial;2040;Distributed Energy;AC_FB_R;AC_FL_R;DC_FB_R;DC_FL_R;;;1000;0;1000
UKNIOR1;Radial;2045;Distributed Energy;AC_FB_R;AC_FL_R;DC_FB_R;DC_FL_R;;;1000;0;1000
UKNIOR1;Radial;2050;Distributed Energy;AC_FB_R;AC_FL_R;DC_FB_R;DC_FL_R;;;1000;0;1000
UKNIOR1;Radial;2030;Global Ambition;AC_FB_R;AC_FL_R;DC_FB_R;DC_FL_R;;;500;0;500
UKNIOR1;Radial;2035;Global Ambition;AC_FB_R;AC_FL_R;DC_FB_R;DC_FL_R;;;750;0;750
UKNIOR1;Radial;2040;Global Ambition;AC_FB_R;AC_FL_R;DC_FB_R;DC_FL_R;;;1000;0;1000
UKNIOR1;Radial;2045;Global Ambition;AC_FB_R;AC_FL_R;DC_FB_R;DC_FL_R;;;1000;0;1000
UKNIOR1;Radial;2050;Global Ambition;AC_FB_R;AC_FL_R;DC_FB_R;DC_FL_R;;;1000;0;1000
UKNIOR1;Radial;2030;National Trends;AC_FB_R;AC_FL_R;DC_FB_R;DC_FL_R;;;500;0;500
UKNIOR1;Radial;2035;National Trends;AC_FB_R;AC_FL_R;DC_FB_R;DC_FL_R;;;750;0;750
UKNIOR1;Radial;2040;National Trends;AC_FB_R;AC_FL_R;DC_FB_R;DC_FL_R;;;1000;0;1000
UKNIOR1;Radial;2045;National Trends;AC_FB_R;AC_FL_R;DC_FB_R;DC_FL_R;;;1000;0;1000
UKNIOR1;Radial;2050;National Trends;AC_FB_R;AC_FL_R;DC_FB_R;DC_FL_R;;;1000;0;1000
UKOH001;FarShoreHub;2030;Distributed Energy;DC_FB_OH;DC_FL_OH;H2_FB_OH;H2_FL_OH;;;0;0;0
UKOH001;FarShoreHub;2035;Distributed Energy;DC_FB_OH;DC_FL_OH;H2_FB_OH;H2_FL_OH;;;0;0;0
UKOH001;FarShoreHub;2040;Distributed Energy;DC_FB_OH;DC_FL_OH;H2_FB_OH;H2_FL_OH;;;0;0;0
UKOH001;FarShoreHub;2045;Distributed Energy;DC_FB_OH;DC_FL_OH;H2_FB_OH;H2_FL_OH;;;0;0;0
UKOH001;FarShoreHub;2050;Distributed Energy;DC_FB_OH;DC_FL_OH;H2_FB_OH;H2_FL_OH;;;0;735,0762464;735,0762464
UKOH001;FarShoreHub;2030;Global Ambition;DC_FB_OH;DC_FL_OH;H2_FB_OH;H2_FL_OH;;;0;0;0
UKOH001;FarShoreHub;2035;Global Ambition;DC_FB_OH;DC_FL_OH;H2_FB_OH;H2_FL_OH;;;0;0;0
UKOH001;FarShoreHub;2040;Global Ambition;DC_FB_OH;DC_FL_OH;H2_FB_OH;H2_FL_OH;;;0;0;0
UKOH001;FarShoreHub;2045;Global Ambition;DC_FB_OH;DC_FL_OH;H2_FB_OH;H2_FL_OH;;;0;0;0
UKOH001;FarShoreHub;2050;Global Ambition;DC_FB_OH;DC_FL_OH;H2_FB_OH;H2_FL_OH;;;0;735,0762464;735,0762464
UKOH001;FarShoreHub;2030;National Trends;DC_FB_OH;DC_FL_OH;H2_FB_OH;H2_FL_OH;;;0;0;0
UKOH001;FarShoreHub;2035;National Trends;DC_FB_OH;DC_FL_OH;H2_FB_OH;H2_FL_OH;;;0;0;0
UKOH001;FarShoreHub;2040;National Trends;DC_FB_OH;DC_FL_OH;H2_FB_OH;H2_FL_OH;;;0;0;0
UKOH001;FarShoreHub;2045;National Trends;DC_FB_OH;DC_FL_OH;H2_FB_OH;H2_FL_OH;;;0;0;0
UKOH001;FarShoreHub;2050;National Trends;DC_FB_OH;DC_FL_OH;H2_FB_OH;H2_FL_OH;;;0;735,0762464;735,0762464
UKOH002;FarShoreHub;2030;Distributed Energy;DC_FB_OH;DC_FL_OH;H2_FB_OH;H2_FL_OH;;;0;0;0
UKOH002;FarShoreHub;2035;Distributed Energy;DC_FB_OH;DC_FL_OH;H2_FB_OH;H2_FL_OH;;;0;0;0
UKOH002;FarShoreHub;2040;Distributed Energy;DC_FB_OH;DC_FL_OH;H2_FB_OH;H2_FL_OH;;;0;0;0
UKOH002;FarShoreHub;2045;Distributed Energy;DC_FB_OH;DC_FL_OH;H2_FB_OH;H2_FL_OH;;;0;0;0
UKOH002;FarShoreHub;2050;Distributed Energy;DC_FB_OH;DC_FL_OH;H2_FB_OH;H2_FL_OH;;;0;810,6644168;810,6644168
UKOH002;FarShoreHub;2030;Global Ambition;DC_FB_OH;DC_FL_OH;H2_FB_OH;H2_FL_OH;;;0;0;0
UKOH002;FarShoreHub;2035;Global Ambition;DC_FB_OH;DC_FL_OH;H2_FB_OH;H2_FL_OH;;;0;0;0
UKOH002;FarShoreHub;2040;Global Ambition;DC_FB_OH;DC_FL_OH;H2_FB_OH;H2_FL_OH;;;0;0;0
UKOH002;FarShoreHub;2045;Global Ambition;DC_FB_OH;DC_FL_OH;H2_FB_OH;H2_FL_OH;;;0;0;0
UKOH002;FarShoreHub;2050;Global Ambition;DC_FB_OH;DC_FL_OH;H2_FB_OH;H2_FL_OH;;;0;810,6644168;810,6644168
UKOH002;FarShoreHub;2030;National Trends;DC_FB_OH;DC_FL_OH;H2_FB_OH;H2_FL_OH;;;0;0;0
UKOH002;FarShoreHub;2035;National Trends;DC_FB_OH;DC_FL_OH;H2_FB_OH;H2_FL_OH;;;0;0;0
UKOH002;FarShoreHub;2040;National Trends;DC_FB_OH;DC_FL_OH;H2_FB_OH;H2_FL_OH;;;0;0;0
UKOH002;FarShoreHub;2045;National Trends;DC_FB_OH;DC_FL_OH;H2_FB_OH;H2_FL_OH;;;0;0;0
UKOH002;FarShoreHub;2050;National Trends;DC_FB_OH;DC_FL_OH;H2_FB_OH;H2_FL_OH;;;0;810,6644168;810,6644168
UKOH003;Hub;2030;Distributed Energy;AC_FB_R;AC_FL_R;DC_FB_OH;DC_FL_OH;H2_FB_OH;H2_FL_OH;12722,98669;6,468102007;12729,45479
UKOH003;Hub;2035;Distributed Energy;AC_FB_R;AC_FL_R;DC_FB_OH;DC_FL_OH;H2_FB_OH;H2_FL_OH;12907,08669;110,7275664;13017,81426
UKOH003;Hub;2040;Distributed Energy;AC_FB_R;AC_FL_R;DC_FB_OH;DC_FL_OH;H2_FB_OH;H2_FL_OH;15827,08669;158,2773064;15985,364
UKOH003;Hub;2045;Distributed Energy;AC_FB_R;AC_FL_R;DC_FB_OH;DC_FL_OH;H2_FB_OH;H2_FL_OH;16827,08669;0;16827,08669
UKOH003;Hub;2050;Distributed Energy;AC_FB_R;AC_FL_R;DC_FB_OH;DC_FL_OH;H2_FB_OH;H2_FL_OH;16827,08669;87,17651188;16914,2632
UKOH003;Hub;2030;Global Ambition;AC_FB_R;AC_FL_R;DC_FB_OH;DC_FL_OH;H2_FB_OH;H2_FL_OH;12722,98669;6,468102007;12729,45479
UKOH003;Hub;2035;Global Ambition;AC_FB_R;AC_FL_R;DC_FB_OH;DC_FL_OH;H2_FB_OH;H2_FL_OH;12907,08669;110,7275664;13017,81426
UKOH003;Hub;2040;Global Ambition;AC_FB_R;AC_FL_R;DC_FB_OH;DC_FL_OH;H2_FB_OH;H2_FL_OH;15827,08669;158,2773064;15985,364
UKOH003;Hub;2045;Global Ambition;AC_FB_R;AC_FL_R;DC_FB_OH;DC_FL_OH;H2_FB_OH;H2_FL_OH;16827,08669;0;16827,08669
UKOH003;Hub;2050;Global Ambition;AC_FB_R;AC_FL_R;DC_FB_OH;DC_FL_OH;H2_FB_OH;H2_FL_OH;16827,08669;87,17651188;16914,2632
UKOH003;Hub;2030;National Trends;AC_FB_R;AC_FL_R;DC_FB_OH;DC_FL_OH;H2_FB_OH;H2_FL_OH;12722,98669;6,468102007;12729,45479
UKOH003;Hub;2035;National Trends;AC_FB_R;AC_FL_R;DC_FB_OH;DC_FL_OH;H2_FB_OH;H2_FL_OH;12907,08669;110,7275664;13017,81426
UKOH003;Hub;2040;National Trends;AC_FB_R;AC_FL_R;DC_FB_OH;DC_FL_OH;H2_FB_OH;H2_FL_OH;15827,08669;158,2773064;15985,364
UKOH003;Hub;2045;National Trends;AC_FB_R;AC_FL_R;DC_FB_OH;DC_FL_OH;H2_FB_OH;H2_FL_OH;16827,08669;0;16827,08669
UKOH003;Hub;2050;National Trends;AC_FB_R;AC_FL_R;DC_FB_OH;DC_FL_OH;H2_FB_OH;H2_FL_OH;16827,08669;87,17651188;16914,2632
UKOH004;Hub;2030;Distributed Energy;AC_FB_R;AC_FL_R;DC_FB_OH;DC_FL_OH;H2_FB_OH;H2_FL_OH;11012,77519;55,51114161;11068,28633
UKOH004;Hub;2035;Distributed Energy;AC_FB_R;AC_FL_R;DC_FB_OH;DC_FL_OH;H2_FB_OH;H2_FL_OH;12592,77519;153,3500954;12746,12529
UKOH004;Hub;2040;Distributed Energy;AC_FB_R;AC_FL_R;DC_FB_OH;DC_FL_OH;H2_FB_OH;H2_FL_OH;16636,77519;158,2773064;16795,0525
UKOH004;Hub;2045;Distributed Energy;AC_FB_R;AC_FL_R;DC_FB_OH;DC_FL_OH;H2_FB_OH;H2_FL_OH;17636,77519;0;17636,77519
UKOH004;Hub;2050;Distributed Energy;AC_FB_R;AC_FL_R;DC_FB_OH;DC_FL_OH;H2_FB_OH;H2_FL_OH;17636,77519;216,7438346;17853,51902
UKOH004;Hub;2030;Global Ambition;AC_FB_R;AC_FL_R;DC_FB_OH;DC_FL_OH;H2_FB_OH;H2_FL_OH;11012,77519;55,51114161;11068,28633
UKOH004;Hub;2035;Global Ambition;AC_FB_R;AC_FL_R;DC_FB_OH;DC_FL_OH;H2_FB_OH;H2_FL_OH;12592,77519;153,3500954;12746,12529
UKOH004;Hub;2040;Global Ambition;AC_FB_R;AC_FL_R;DC_FB_OH;DC_FL_OH;H2_FB_OH;H2_FL_OH;16636,77519;158,2773064;16795,0525
UKOH004;Hub;2045;Global Ambition;AC_FB_R;AC_FL_R;DC_FB_OH;DC_FL_OH;H2_FB_OH;H2_FL_OH;17636,77519;0;17636,77519
UKOH004;Hub;2050;Global Ambition;AC_FB_R;AC_FL_R;DC_FB_OH;DC_FL_OH;H2_FB_OH;H2_FL_OH;17636,77519;216,7438346;17853,51902
UKOH004;Hub;2030;National Trends;AC_FB_R;AC_FL_R;DC_FB_OH;DC_FL_OH;H2_FB_OH;H2_FL_OH;11012,77519;55,51114161;11068,28633
UKOH004;Hub;2035;National Trends;AC_FB_R;AC_FL_R;DC_FB_OH;DC_FL_OH;H2_FB_OH;H2_FL_OH;12592,77519;153,3500954;12746,12529
UKOH004;Hub;2040;National Trends;AC_FB_R;AC_FL_R;DC_FB_OH;DC_FL_OH;H2_FB_OH;H2_FL_OH;16636,77519;158,2773064;16795,0525
UKOH004;Hub;2045;National Trends;AC_FB_R;AC_FL_R;DC_FB_OH;DC_FL_OH;H2_FB_OH;H2_FL_OH;17636,77519;0;17636,77519
UKOH004;Hub;2050;National Trends;AC_FB_R;AC_FL_R;DC_FB_OH;DC_FL_OH;H2_FB_OH;H2_FL_OH;17636,77519;216,7438346;17853,51902
UKOH005;Hub;2030;Distributed Energy;AC_FB_R;AC_FL_R;DC_FB_OH;DC_FL_OH;H2_FB_OH;H2_FL_OH;300;10,54009018;310,5400902
UKOH005;Hub;2035;Distributed Energy;AC_FB_R;AC_FL_R;DC_FB_OH;DC_FL_OH;H2_FB_OH;H2_FL_OH;600;106,1771184;706,1771184
UKOH005;Hub;2040;Distributed Energy;AC_FB_R;AC_FL_R;DC_FB_OH;DC_FL_OH;H2_FB_OH;H2_FL_OH;3400;158,2773064;3558,277306
UKOH005;Hub;2045;Distributed Energy;AC_FB_R;AC_FL_R;DC_FB_OH;DC_FL_OH;H2_FB_OH;H2_FL_OH;4400;0;4400
UKOH005;Hub;2050;Distributed Energy;AC_FB_R;AC_FL_R;DC_FB_OH;DC_FL_OH;H2_FB_OH;H2_FL_OH;4400;713,8173451;5113,817345
UKOH005;Hub;2030;Global Ambition;AC_FB_R;AC_FL_R;DC_FB_OH;DC_FL_OH;H2_FB_OH;H2_FL_OH;300;10,54009018;310,5400902
UKOH005;Hub;2035;Global Ambition;AC_FB_R;AC_FL_R;DC_FB_OH;DC_FL_OH;H2_FB_OH;H2_FL_OH;600;106,1771184;706,1771184
UKOH005;Hub;2040;Global Ambition;AC_FB_R;AC_FL_R;DC_FB_OH;DC_FL_OH;H2_FB_OH;H2_FL_OH;3400;158,2773064;3558,277306
UKOH005;Hub;2045;Global Ambition;AC_FB_R;AC_FL_R;DC_FB_OH;DC_FL_OH;H2_FB_OH;H2_FL_OH;4400;0;4400
UKOH005;Hub;2050;Global Ambition;AC_FB_R;AC_FL_R;DC_FB_OH;DC_FL_OH;H2_FB_OH;H2_FL_OH;4400;713,8173451;5113,817345
UKOH005;Hub;2030;National Trends;AC_FB_R;AC_FL_R;DC_FB_OH;DC_FL_OH;H2_FB_OH;H2_FL_OH;300;10,54009018;310,5400902
UKOH005;Hub;2035;National Trends;AC_FB_R;AC_FL_R;DC_FB_OH;DC_FL_OH;H2_FB_OH;H2_FL_OH;600;106,1771184;706,1771184
UKOH005;Hub;2040;National Trends;AC_FB_R;AC_FL_R;DC_FB_OH;DC_FL_OH;H2_FB_OH;H2_FL_OH;3400;158,2773064;3558,277306
UKOH005;Hub;2045;National Trends;AC_FB_R;AC_FL_R;DC_FB_OH;DC_FL_OH;H2_FB_OH;H2_FL_OH;4400;0;4400
UKOH005;Hub;2050;National Trends;AC_FB_R;AC_FL_R;DC_FB_OH;DC_FL_OH;H2_FB_OH;H2_FL_OH;4400;713,8173451;5113,817345
UKOH006;Hub;2030;Distributed Energy;AC_FB_R;AC_FL_R;DC_FB_OH;DC_FL_OH;H2_FB_OH;H2_FL_OH;10398,09;402,4557767;10800,54578
UKOH006;Hub;2035;Distributed Energy;AC_FB_R;AC_FL_R;DC_FB_OH;DC_FL_OH;H2_FB_OH;H2_FL_OH;21853,09;106,1771184;21959,26712
UKOH006;Hub;2040;Distributed Energy;AC_FB_R;AC_FL_R;DC_FB_OH;DC_FL_OH;H2_FB_OH;H2_FL_OH;24653,09;79,13865319;24732,22865
UKOH006;Hub;2045;Distributed Energy;AC_FB_R;AC_FL_R;DC_FB_OH;DC_FL_OH;H2_FB_OH;H2_FL_OH;25153,09;0;25153,09
UKOH006;Hub;2050;Distributed Energy;AC_FB_R;AC_FL_R;DC_FB_OH;DC_FL_OH;H2_FB_OH;H2_FL_OH;25153,09;1903,364985;27056,45498
UKOH006;Hub;2030;Global Ambition;AC_FB_R;AC_FL_R;DC_FB_OH;DC_FL_OH;H2_FB_OH;H2_FL_OH;10398,09;402,4557767;10800,54578
UKOH006;Hub;2035;Global Ambition;AC_FB_R;AC_FL_R;DC_FB_OH;DC_FL_OH;H2_FB_OH;H2_FL_OH;21853,09;106,1771184;21959,26712
UKOH006;Hub;2040;Global Ambition;AC_FB_R;AC_FL_R;DC_FB_OH;DC_FL_OH;H2_FB_OH;H2_FL_OH;24653,09;79,13865319;24732,22865
UKOH006;Hub;2045;Global Ambition;AC_FB_R;AC_FL_R;DC_FB_OH;DC_FL_OH;H2_FB_OH;H2_FL_OH;25153,09;0;25153,09
UKOH006;Hub;2050;Global Ambition;AC_FB_R;AC_FL_R;DC_FB_OH;DC_FL_OH;H2_FB_OH;H2_FL_OH;25153,09;1903,364985;27056,45498
UKOH006;Hub;2030;National Trends;AC_FB_R;AC_FL_R;DC_FB_OH;DC_FL_OH;H2_FB_OH;H2_FL_OH;10398,09;402,4557767;10800,54578
UKOH006;Hub;2035;National Trends;AC_FB_R;AC_FL_R;DC_FB_OH;DC_FL_OH;H2_FB_OH;H2_FL_OH;21853,09;106,1771184;21959,26712
UKOH006;Hub;2040;National Trends;AC_FB_R;AC_FL_R;DC_FB_OH;DC_FL_OH;H2_FB_OH;H2_FL_OH;24653,09;79,13865319;24732,22865
UKOH006;Hub;2045;National Trends;AC_FB_R;AC_FL_R;DC_FB_OH;DC_FL_OH;H2_FB_OH;H2_FL_OH;25153,09;0;25153,09
UKOH006;Hub;2050;National Trends;AC_FB_R;AC_FL_R;DC_FB_OH;DC_FL_OH;H2_FB_OH;H2_FL_OH;25153,09;1903,364985;27056,45498
UKOR001;Radial;2030;Distributed Energy;AC_FB_R;AC_FL_R;DC_FB_R;DC_FL_R;;;17533,6181;308,8949095;17842,51301
UKOR001;Radial;2035;Distributed Energy;AC_FB_R;AC_FL_R;DC_FB_R;DC_FL_R;;;26325,6181;315,3081214;26640,92622
UKOR001;Radial;2040;Distributed Energy;AC_FB_R;AC_FL_R;DC_FB_R;DC_FL_R;;;34640,6181;1677,739448;36318,35755
UKOR001;Radial;2045;Distributed Energy;AC_FB_R;AC_FL_R;DC_FB_R;DC_FL_R;;;45240,6181;0;45240,6181
UKOR001;Radial;2050;Distributed Energy;AC_FB_R;AC_FL_R;DC_FB_R;DC_FL_R;;;45990,6181;1422,46668;47413,08478
UKOR001;Radial;2030;Global Ambition;AC_FB_R;AC_FL_R;DC_FB_R;DC_FL_R;;;17533,6181;308,8949095;17842,51301
UKOR001;Radial;2035;Global Ambition;AC_FB_R;AC_FL_R;DC_FB_R;DC_FL_R;;;26325,6181;315,3081214;26640,92622
UKOR001;Radial;2040;Global Ambition;AC_FB_R;AC_FL_R;DC_FB_R;DC_FL_R;;;34640,6181;1677,739448;36318,35755
UKOR001;Radial;2045;Global Ambition;AC_FB_R;AC_FL_R;DC_FB_R;DC_FL_R;;;45240,6181;0;45240,6181
UKOR001;Radial;2050;Global Ambition;AC_FB_R;AC_FL_R;DC_FB_R;DC_FL_R;;;45990,6181;1422,46668;47413,08478
UKOR001;Radial;2030;National Trends;AC_FB_R;AC_FL_R;DC_FB_R;DC_FL_R;;;17533,6181;308,8949095;17842,51301
UKOR001;Radial;2035;National Trends;AC_FB_R;AC_FL_R;DC_FB_R;DC_FL_R;;;26325,6181;315,3081214;26640,92622
UKOR001;Radial;2040;National Trends;AC_FB_R;AC_FL_R;DC_FB_R;DC_FL_R;;;34640,6181;1677,739448;36318,35755
UKOR001;Radial;2045;National Trends;AC_FB_R;AC_FL_R;DC_FB_R;DC_FL_R;;;45240,6181;0;45240,6181
UKOR001;Radial;2050;National Trends;AC_FB_R;AC_FL_R;DC_FB_R;DC_FL_R;;;45990,6181;1422,46668;47413,08478
DEOH001;FarShoreHub;2030;Distributed Energy;DC_FB_OH;DC_FL_OH;H2_FB_OH;H2_FL_OH;;;18868;0;18868
DEOH001;FarShoreHub;2035;Distributed Energy;DC_FB_OH;DC_FL_OH;H2_FB_OH;H2_FL_OH;;;38868;0;38868
DEOH001;FarShoreHub;2040;Distributed Energy;DC_FB_OH;DC_FL_OH;H2_FB_OH;H2_FL_OH;;;52468;0;52468
DEOH001;FarShoreHub;2045;Distributed Energy;DC_FB_OH;DC_FL_OH;H2_FB_OH;H2_FL_OH;;;61680;0;61680
DEOH001;FarShoreHub;2050;Distributed Energy;DC_FB_OH;DC_FL_OH;H2_FB_OH;H2_FL_OH;;;62868;0;62868
DEOH001;FarShoreHub;2030;Global Ambition;DC_FB_OH;DC_FL_OH;H2_FB_OH;H2_FL_OH;;;18868;0;18868
DEOH001;FarShoreHub;2035;Global Ambition;DC_FB_OH;DC_FL_OH;H2_FB_OH;H2_FL_OH;;;38868;0;38868
DEOH001;FarShoreHub;2040;Global Ambition;DC_FB_OH;DC_FL_OH;H2_FB_OH;H2_FL_OH;;;52468;0;52468
DEOH001;FarShoreHub;2045;Global Ambition;DC_FB_OH;DC_FL_OH;H2_FB_OH;H2_FL_OH;;;61680;0;61680
DEOH001;FarShoreHub;2050;Global Ambition;DC_FB_OH;DC_FL_OH;H2_FB_OH;H2_FL_OH;;;62868;0;62868
DEOH001;FarShoreHub;2030;National Trends;DC_FB_OH;DC_FL_OH;H2_FB_OH;H2_FL_OH;;;18868;0;18868
DEOH001;FarShoreHub;2035;National Trends;DC_FB_OH;DC_FL_OH;H2_FB_OH;H2_FL_OH;;;38868;0;38868
DEOH001;FarShoreHub;2040;National Trends;DC_FB_OH;DC_FL_OH;H2_FB_OH;H2_FL_OH;;;52468;0;52468
DEOH001;FarShoreHub;2045;National Trends;DC_FB_OH;DC_FL_OH;H2_FB_OH;H2_FL_OH;;;61680;0;61680
DEOH001;FarShoreHub;2050;National Trends;DC_FB_OH;DC_FL_OH;H2_FB_OH;H2_FL_OH;;;62868;0;62868
DEOH002;Hub;2030;Distributed Energy;AC_FB_R;AC_FL_R;DC_FB_OH;DC_FL_OH;H2_FB_OH;H2_FL_OH;4104,55;0;4104,55
DEOH002;Hub;2035;Distributed Energy;AC_FB_R;AC_FL_R;DC_FB_OH;DC_FL_OH;H2_FB_OH;H2_FL_OH;4104,55;0;4104,55
DEOH002;Hub;2040;Distributed Energy;AC_FB_R;AC_FL_R;DC_FB_OH;DC_FL_OH;H2_FB_OH;H2_FL_OH;5104,55;0;5104,55
DEOH002;Hub;2045;Distributed Energy;AC_FB_R;AC_FL_R;DC_FB_OH;DC_FL_OH;H2_FB_OH;H2_FL_OH;6354,55;0;6354,55
DEOH002;Hub;2050;Distributed Energy;AC_FB_R;AC_FL_R;DC_FB_OH;DC_FL_OH;H2_FB_OH;H2_FL_OH;5105,3;1249,25;6354,55
DEOH002;Hub;2030;Global Ambition;AC_FB_R;AC_FL_R;DC_FB_OH;DC_FL_OH;H2_FB_OH;H2_FL_OH;4104,55;0;4104,55
DEOH002;Hub;2035;Global Ambition;AC_FB_R;AC_FL_R;DC_FB_OH;DC_FL_OH;H2_FB_OH;H2_FL_OH;4104,55;0;4104,55
DEOH002;Hub;2040;Global Ambition;AC_FB_R;AC_FL_R;DC_FB_OH;DC_FL_OH;H2_FB_OH;H2_FL_OH;5104,55;0;5104,55
DEOH002;Hub;2045;Global Ambition;AC_FB_R;AC_FL_R;DC_FB_OH;DC_FL_OH;H2_FB_OH;H2_FL_OH;6354,55;0;6354,55
DEOH002;Hub;2050;Global Ambition;AC_FB_R;AC_FL_R;DC_FB_OH;DC_FL_OH;H2_FB_OH;H2_FL_OH;5105,3;1249,25;6354,55
DEOH002;Hub;2030;National Trends;AC_FB_R;AC_FL_R;DC_FB_OH;DC_FL_OH;H2_FB_OH;H2_FL_OH;4104,55;0;4104,55
DEOH002;Hub;2035;National Trends;AC_FB_R;AC_FL_R;DC_FB_OH;DC_FL_OH;H2_FB_OH;H2_FL_OH;4104,55;0;4104,55
DEOH002;Hub;2040;National Trends;AC_FB_R;AC_FL_R;DC_FB_OH;DC_FL_OH;H2_FB_OH;H2_FL_OH;5104,55;0;5104,55
DEOH002;Hub;2045;National Trends;AC_FB_R;AC_FL_R;DC_FB_OH;DC_FL_OH;H2_FB_OH;H2_FL_OH;6354,55;0;6354,55
DEOH002;Hub;2050;National Trends;AC_FB_R;AC_FL_R;DC_FB_OH;DC_FL_OH;H2_FB_OH;H2_FL_OH;5105,3;1249,25;6354,55
DEOR001;Radial;2030;Distributed Energy;AC_FB_R;AC_FL_R;DC_FB_R;DC_FL_R;;;7548,75;0;7548,75
DEOR001;Radial;2035;Distributed Energy;AC_FB_R;AC_FL_R;DC_FB_R;DC_FL_R;;;7548,75;0;7548,75
DEOR001;Radial;2040;Distributed Energy;AC_FB_R;AC_FL_R;DC_FB_R;DC_FL_R;;;7486,75;62;7548,75
DEOR001;Radial;2045;Distributed Energy;AC_FB_R;AC_FL_R;DC_FB_R;DC_FL_R;;;3660,75;3888;7548,75
DEOR001;Radial;2050;Distributed Energy;AC_FB_R;AC_FL_R;DC_FB_R;DC_FL_R;;;2699,75;4849;7548,75
DEOR001;Radial;2030;Global Ambition;AC_FB_R;AC_FL_R;DC_FB_R;DC_FL_R;;;7548,75;0;7548,75
DEOR001;Radial;2035;Global Ambition;AC_FB_R;AC_FL_R;DC_FB_R;DC_FL_R;;;7548,75;0;7548,75
DEOR001;Radial;2040;Global Ambition;AC_FB_R;AC_FL_R;DC_FB_R;DC_FL_R;;;7486,75;62;7548,75
DEOR001;Radial;2045;Global Ambition;AC_FB_R;AC_FL_R;DC_FB_R;DC_FL_R;;;3660,75;3888;7548,75
DEOR001;Radial;2050;Global Ambition;AC_FB_R;AC_FL_R;DC_FB_R;DC_FL_R;;;2699,75;4849;7548,75
DEOR001;Radial;2030;National Trends;AC_FB_R;AC_FL_R;DC_FB_R;DC_FL_R;;;7548,75;0;7548,75
DEOR001;Radial;2035;National Trends;AC_FB_R;AC_FL_R;DC_FB_R;DC_FL_R;;;7548,75;0;7548,75
DEOR001;Radial;2040;National Trends;AC_FB_R;AC_FL_R;DC_FB_R;DC_FL_R;;;7486,75;62;7548,75
DEOR001;Radial;2045;National Trends;AC_FB_R;AC_FL_R;DC_FB_R;DC_FL_R;;;3660,75;3888;7548,75
DEOR001;Radial;2050;National Trends;AC_FB_R;AC_FL_R;DC_FB_R;DC_FL_R;;;2699,75;4849;7548,75