NODE;OFFSHORE_NODE;OFFSHORE_NODE_TYPE;TECHNOLOGY;YEAR;SCENARIO;MW
BEIOH01;BEIOH01;Hub;DC_FB_OH;2030;Distributed Energy;3000
BEIOH01;BEIOH01;Hub;DC_FB_OH;2030;Global Ambition;3000
BEIOH01;BEIOH01;Hub;DC_FB_OH;2030;National Trends;3000
BEIOH01;BEIOH01;Hub;DC_FB_OH;2035;Distributed Energy;3000
BEIOH01;BEIOH01;Hub;DC_FB_OH;2035;Global Ambition;3000
BEIOH01;BEIOH01;Hub;DC_FB_OH;2035;National Trends;3000
BEIOH01;BEIOH01;Hub;DC_FB_OH;2040;Distributed Energy;3000
BEIOH01;BEIOH01;Hub;DC_FB_OH;2040;Global Ambition;3000
BEIOH01;BEIOH01;Hub;DC_FB_OH;2040;National Trends;3000
BEIOH01;BEIOH01;Hub;DC_FB_OH;2045;Distributed Energy;3000
BEIOH01;BEIOH01;Hub;DC_FB_OH;2045;Global Ambition;3000
BEIOH01;BEIOH01;Hub;DC_FB_OH;2045;National Trends;3000
BEIOH01;BEIOH01;Hub;DC_FB_OH;2050;Distributed Energy;3000
BEIOH01;BEIOH01;Hub;DC_FB_OH;2050;Global Ambition;3000
BEIOH01;BEIOH01;Hub;DC_FB_OH;2050;National Trends;3000
BE00;BEOH001;Hub;AC_FB_R;2030;Distributed Energy;3112,484055
BE00;BEOH001;Hub;DC_FB_R;2030;Distributed Energy;2647,515945
BE00;BEOH001;Hub;AC_FB_R;2030;Global Ambition;3112,484055
BE00;BEOH001;Hub;DC_FB_R;2030;Global Ambition;2647,515945
BE00;BEOH001;Hub;AC_FB_R;2030;National Trends;3112,484055
BE00;BEOH001;Hub;DC_FB_R;2030;National Trends;2647,515945
BE00;BEOH001;Hub;AC_FB_R;2035;Distributed Energy;3112,484055
BE00;BEOH001;Hub;DC_FB_R;2035;Distributed Energy;3747,515945
BE00;BEOH001;Hub;AC_FB_R;2035;Global Ambition;3112,484055
BE00;BEOH001;Hub;DC_FB_R;2035;Global Ambition;3747,515945
BE00;BEOH001;Hub;AC_FB_R;2035;National Trends;3112,484055
BE00;BEOH001;Hub;DC_FB_R;2035;National Trends;3747,515945
BE00;BEOH001;Hub;AC_FB_R;2040;Distributed Energy;3112,484055
BE00;BEOH001;Hub;DC_FB_R;2040;Distributed Energy;4847,515945
BE00;BEOH001;Hub;AC_FB_R;2040;Global Ambition;3112,484055
BE00;BEOH001;Hub;DC_FB_R;2040;Global Ambition;4847,515945
BE00;BEOH001;Hub;AC_FB_R;2040;National Trends;3112,484055
BE00;BEOH001;Hub;DC_FB_R;2040;National Trends;4847,515945
BE00;BEOH001;Hub;AC_FB_R;2045;Distributed Energy;3112,484055
BE00;BEOH001;Hub;DC_FB_R;2045;Distributed Energy;4847,515945
BE00;BEOH001;Hub;AC_FB_R;2045;Global Ambition;3112,484055
BE00;BEOH001;Hub;DC_FB_R;2045;Global Ambition;4847,515945
BE00;BEOH001;Hub;AC_FB_R;2045;National Trends;3112,484055
BE00;BEOH001;Hub;DC_FB_R;2045;National Trends;4847,515945
BE00;BEOH001;Hub;AC_FB_R;2050;Distributed Energy;3112,484055
BE00;BEOH001;Hub;DC_FB_R;2050;Distributed Energy;4847,515945
BE00;BEOH001;Hub;AC_FB_R;2050;Global Ambition;3112,484055
BE00;BEOH001;Hub;DC_FB_R;2050;Global Ambition;4847,515945
BE00;BEOH001;Hub;AC_FB_R;2050;National Trends;3112,484055
BE00;BEOH001;Hub;DC_FB_R;2050;National Trends;4847,515945
DKE1;DKEOR01;Radial;AC_FB_R;2030;Distributed Energy;1948,842756
DKE1;DKEOR01;Radial;DC_FB_R;2030;Distributed Energy;579,3572443
DKE1;DKEOR01;Radial;AC_FB_R;2030;Global Ambition;1948,842756
DKE1;DKEOR01;Radial;DC_FB_R;2030;Global Ambition;579,3572443
DKE1;DKEOR01;Radial;AC_FB_R;2030;National Trends;1948,842756
DKE1;DKEOR01;Radial;DC_FB_R;2030;National Trends;579,3572443
DKE1;DKEOR01;Radial;AC_FB_R;2035;Distributed Energy;2948,842756
DKE1;DKEOR01;Radial;DC_FB_R;2035;Distributed Energy;579,3572443
DKE1;DKEOR01;Radial;AC_FB_R;2035;Global Ambition;2948,842756
DKE1;DKEOR01;Radial;DC_FB_R;2035;Global Ambition;579,3572443
DKE1;DKEOR01;Radial;AC_FB_R;2035;National Trends;2948,842756
DKE1;DKEOR01;Radial;DC_FB_R;2035;National Trends;579,3572443
DKE1;DKEOR01;Radial;AC_FB_R;2040;Distributed Energy;2948,842756
DKE1;DKEOR01;Radial;DC_FB_R;2040;Distributed Energy;579,3572443
DKE1;DKEOR01;Radial;AC_FB_R;2040;Global Ambition;2948,842756
DKE1;DKEOR01;Radial;DC_FB_R;2040;Global Ambition;579,3572443
DKE1;DKEOR01;Radial;AC_FB_R;2040;National Trends;2948,842756
DKE1;DKEOR01;Radial;DC_FB_R;2040;National Trends;579,3572443
DKE1;DKEOR01;Radial;AC_FB_R;2045;Distributed Energy;2948,842756
DKE1;DKEOR01;Radial;DC_FB_R;2045;Distributed Energy;579,3572443
DKE1;DKEOR01;Radial;AC_FB_R;2045;Global Ambition;2948,842756
DKE1;DKEOR01;Radial;DC_FB_R;2045;Global Ambition;579,3572443
DKE1;DKEOR01;Radial;AC_FB_R;2045;National Trends;2948,842756
DKE1;DKEOR01;Radial;DC_FB_R;2045;National Trends;579,3572443
DKE1;DKEOR01;Radial;AC_FB_R;2050;Distributed Energy;2948,842756
DKE1;DKEOR01;Radial;DC_FB_R;2050;Distributed Energy;579,3572443
DKE1;DKEOR01;Radial;AC_FB_R;2050;Global Ambition;2948,842756
DKE1;DKEOR01;Radial;DC_FB_R;2050;Global Ambition;579,3572443
DKE1;DKEOR01;Radial;AC_FB_R;2050;National Trends;2948,842756
DKE1;DKEOR01;Radial;DC_FB_R;2050;National Trends;579,3572443
DKW1;DKWOH01;FarShoreHub;DC_FB_R;2035;Distributed Energy;1000
DKWOH01;DKWOH01;FarShoreHub;DC_FB_OH;2035;Distributed Energy;6000
DKW1;DKWOH01;FarShoreHub;DC_FB_R;2035;Global Ambition;1000
DKWOH01;DKWOH01;FarShoreHub;DC_FB_OH;2035;Global Ambition;6000
DKW1;DKWOH01;FarShoreHub;DC_FB_R;2035;National Trends;1000
DKWOH01;DKWOH01;FarShoreHub;DC_FB_OH;2035;National Trends;6000
DKW1;DKWOH01;FarShoreHub;DC_FB_R;2040;Distributed Energy;3000
DKWOH01;DKWOH01;FarShoreHub;DC_FB_OH;2040;Distributed Energy;11000
DKW1;DKWOH01;FarShoreHub;DC_FB_R;2040;Global Ambition;3000
DKWOH01;DKWOH01;FarShoreHub;DC_FB_OH;2040;Global Ambition;11000
DKW1;DKWOH01;FarShoreHub;DC_FB_R;2040;National Trends;3000
DKWOH01;DKWOH01;FarShoreHub;DC_FB_OH;2040;National Trends;11000
DKW1;DKWOH01;FarShoreHub;DC_FB_R;2045;Distributed Energy;3000
DKWOH01;DKWOH01;FarShoreHub;DC_FB_OH;2045;Distributed Energy;15250
DKWOH01;DKWOH01;FarShoreHub;H2_FB_OH;2045;Distributed Energy;3750
DKW1;DKWOH01;FarShoreHub;DC_FB_R;2045;Global Ambition;3000
DKWOH01;DKWOH01;FarShoreHub;DC_FB_OH;2045;Global Ambition;15250
DKWOH01;DKWOH01;FarShoreHub;H2_FB_OH;2045;Global Ambition;3750
DKW1;DKWOH01;FarShoreHub;DC_FB_R;2045;National Trends;3000
DKWOH01;DKWOH01;FarShoreHub;DC_FB_OH;2045;National Trends;15250
DKWOH01;DKWOH01;FarShoreHub;H2_FB_OH;2045;National Trends;3750
DKW1;DKWOH01;FarShoreHub;DC_FB_R;2050;Distributed Energy;3000
DKWOH01;DKWOH01;FarShoreHub;DC_FB_OH;2050;Distributed Energy;19500
DKWOH01;DKWOH01;FarShoreHub;H2_FB_OH;2050;Distributed Energy;7500
DKW1;DKWOH01;FarShoreHub;DC_FB_R;2050;Global Ambition;3000
DKWOH01;DKWOH01;FarShoreHub;DC_FB_OH;2050;Global Ambition;19500
DKWOH01;DKWOH01;FarShoreHub;H2_FB_OH;2050;Global Ambition;7500
DKW1;DKWOH01;FarShoreHub;DC_FB_R;2050;National Trends;3000
DKWOH01;DKWOH01;FarShoreHub;DC_FB_OH;2050;National Trends;19500
DKWOH01;DKWOH01;FarShoreHub;H2_FB_OH;2050;National Trends;7500
DKW1;DKWOR01;Radial;AC_FB_R;2030;Distributed Energy;2722,4
DKW1;DKWOR01;Radial;AC_FB_R;2030;Global Ambition;2722,4
DKW1;DKWOR01;Radial;AC_FB_R;2030;National Trends;2722,4
DKW1;DKWOR01;Radial;AC_FB_R;2035;Distributed Energy;6722,4
DKW1;DKWOR01;Radial;AC_FB_R;2035;Global Ambition;6722,4
DKW1;DKWOR01;Radial;AC_FB_R;2035;National Trends;6722,4
DKW1;DKWOR01;Radial;AC_FB_R;2040;Distributed Energy;6722,4
DKW1;DKWOR01;Radial;AC_FB_R;2040;Global Ambition;6722,4
DKW1;DKWOR01;Radial;AC_FB_R;2040;National Trends;6722,4
DKW1;DKWOR01;Radial;AC_FB_R;2045;Distributed Energy;6722,4
DKW1;DKWOR01;Radial;AC_FB_R;2045;Global Ambition;6722,4
DKW1;DKWOR01;Radial;AC_FB_R;2045;National Trends;6722,4
DKW1;DKWOR01;Radial;AC_FB_R;2050;Distributed Energy;6722,4
DKW1;DKWOR01;Radial;AC_FB_R;2050;Global Ambition;6722,4
DKW1;DKWOR01;Radial;AC_FB_R;2050;National Trends;6722,4
EEOH001;EEOH001;Hub;DC_FB_OH;2035;Distributed Energy;1000
EEOH001;EEOH001;Hub;DC_FB_OH;2035;Global Ambition;1000
EEOH001;EEOH001;Hub;DC_FB_OH;2035;National Trends;1000
EEOH001;EEOH001;Hub;DC_FB_OH;2040;Distributed Energy;3500
EEOH001;EEOH001;Hub;DC_FB_OH;2040;Global Ambition;3500
EEOH001;EEOH001;Hub;DC_FB_OH;2040;National Trends;3500
EEOH001;EEOH001;Hub;DC_FB_OH;2045;Distributed Energy;3500
EEOH001;EEOH001;Hub;DC_FB_OH;2045;Global Ambition;3500
EEOH001;EEOH001;Hub;DC_FB_OH;2045;National Trends;3500
EE00;EEOH001;Hub;AC_FB_R;2050;Distributed Energy;2246,12527
EEOH001;EEOH001;Hub;DC_FB_OH;2050;Distributed Energy;4752,224347
EEOH001;EEOH001;Hub;DC_FL_OH;2050;Distributed Energy;1,650382331
EE00;EEOH001;Hub;AC_FB_R;2050;Global Ambition;2246,12527
EEOH001;EEOH001;Hub;DC_FB_OH;2050;Global Ambition;4752,224347
EEOH001;EEOH001;Hub;DC_FL_OH;2050;Global Ambition;1,650382331
EE00;EEOH001;Hub;AC_FB_R;2050;National Trends;2246,12527
EEOH001;EEOH001;Hub;DC_FB_OH;2050;National Trends;4752,224347
EEOH001;EEOH001;Hub;DC_FL_OH;2050;National Trends;1,650382331
ES00;ESOH001;Hub;AC_FB_R;2030;Distributed Energy;1400
ES00;ESOH001;Hub;AC_FB_R;2030;Global Ambition;1400
ES00;ESOH001;Hub;AC_FB_R;2030;National Trends;1400
ES00;ESOH001;Hub;AC_FB_R;2035;Distributed Energy;1400
ES00;ESOH001;Hub;AC_FB_R;2035;Global Ambition;1400
ES00;ESOH001;Hub;AC_FB_R;2035;National Trends;1400
ES00;ESOH001;Hub;AC_FB_R;2040;Distributed Energy;1400
ES00;ESOH001;Hub;AC_FB_R;2040;Global Ambition;1400
ES00;ESOH001;Hub;AC_FB_R;2040;National Trends;1400
ES00;ESOH001;Hub;AC_FB_R;2045;Distributed Energy;1400
ES00;ESOH001;Hub;AC_FB_R;2045;Global Ambition;1400
ES00;ESOH001;Hub;AC_FB_R;2045;National Trends;1400
ES00;ESOH001;Hub;AC_FB_R;2050;Distributed Energy;1400
ES00;ESOH001;Hub;AC_FB_R;2050;Global Ambition;1400
ES00;ESOH001;Hub;AC_FB_R;2050;National Trends;1400
ES00;ESOH002;Hub;AC_FB_R;2030;Distributed Energy;500
ES00;ESOH002;Hub;AC_FB_R;2030;Global Ambition;500
ES00;ESOH002;Hub;AC_FB_R;2030;National Trends;500
ES00;ESOH002;Hub;AC_FB_R;2035;Distributed Energy;500
ES00;ESOH002;Hub;AC_FB_R;2035;Global Ambition;500
ES00;ESOH002;Hub;AC_FB_R;2035;National Trends;500
ES00;ESOH002;Hub;AC_FB_R;2040;Distributed Energy;500
ES00;ESOH002;Hub;AC_FB_R;2040;Global Ambition;500
ES00;ESOH002;Hub;AC_FB_R;2040;National Trends;500
ES00;ESOH002;Hub;AC_FB_R;2045;Distributed Energy;500
ES00;ESOH002;Hub;AC_FB_R;2045;Global Ambition;500
ES00;ESOH002;Hub;AC_FB_R;2045;National Trends;500
ES00;ESOH002;Hub;AC_FB_R;2050;Distributed Energy;500
ES00;ESOH002;Hub;AC_FB_R;2050;Global Ambition;500
ES00;ESOH002;Hub;AC_FB_R;2050;National Trends;500
ES00;ESOH003;Hub;AC_FB_R;2030;Distributed Energy;900
ES00;ESOH003;Hub;AC_FB_R;2030;Global Ambition;900
ES00;ESOH003;Hub;AC_FB_R;2030;National Trends;900
ES00;ESOH003;Hub;AC_FB_R;2035;Distributed Energy;900
ES00;ESOH003;Hub;AC_FB_R;2035;Global Ambition;900
ES00;ESOH003;Hub;AC_FB_R;2035;National Trends;900
ES00;ESOH003;Hub;AC_FB_R;2040;Distributed Energy;900
ES00;ESOH003;Hub;AC_FB_R;2040;Global Ambition;900
ES00;ESOH003;Hub;AC_FB_R;2040;National Trends;900
ES00;ESOH003;Hub;AC_FB_R;2045;Distributed Energy;900
ES00;ESOH003;Hub;AC_FB_R;2045;Global Ambition;900
ES00;ESOH003;Hub;AC_FB_R;2045;National Trends;900
ES00;ESOH003;Hub;AC_FB_R;2050;Distributed Energy;900
ES00;ESOH003;Hub;AC_FB_R;2050;Global Ambition;900
ES00;ESOH003;Hub;AC_FB_R;2050;National Trends;900
FI00;FIOH001;Hub;AC_FB_R;2030;Distributed Energy;1000
FI00;FIOH001;Hub;AC_FB_R;2030;Global Ambition;1000
FI00;FIOH001;Hub;AC_FB_R;2030;National Trends;1000
FI00;FIOH001;Hub;AC_FB_R;2035;Distributed Energy;3600
FI00;FIOH001;Hub;AC_FB_R;2035;Global Ambition;3600
FI00;FIOH001;Hub;AC_FB_R;2035;National Trends;3600
FI00;FIOH001;Hub;AC_FB_R;2040;Distributed Energy;4900
FI00;FIOH001;Hub;AC_FB_R;2040;Global Ambition;4900
FI00;FIOH001;Hub;AC_FB_R;2040;National Trends;4900
FI00;FIOH001;Hub;AC_FB_R;2045;Distributed Energy;8800
FI00;FIOH001;Hub;AC_FB_R;2045;Global Ambition;8800
FI00;FIOH001;Hub;AC_FB_R;2045;National Trends;8800
FI00;FIOH001;Hub;AC_FB_R;2050;Distributed Energy;12000
FI00;FIOH001;Hub;AC_FB_R;2050;Global Ambition;12000
FI00;FIOH001;Hub;AC_FB_R;2050;National Trends;12000
FR00;FROH001;Hub;AC_FB_R;2030;Distributed Energy;2050
FR00;FROH001;Hub;AC_FB_R;2030;Global Ambition;2050
FR00;FROH001;Hub;AC_FB_R;2030;National Trends;2050
FR00;FROH001;Hub;AC_FB_R;2035;Distributed Energy;7486,083838
FROH001;FROH001;Hub;DC_FB_OH;2035;Distributed Energy;1063,916162
FR00;FROH001;Hub;AC_FB_R;2035;Global Ambition;7486,083838
FROH001;FROH001;Hub;DC_FB_OH;2035;Global Ambition;1063,916162
FR00;FROH001;Hub;AC_FB_R;2035;National Trends;7486,083838
FROH001;FROH001;Hub;DC_FB_OH;2035;National Trends;1063,916162
FR00;FROH001;Hub;AC_FB_R;2040;Distributed Energy;7486,083838
FROH001;FROH001;Hub;DC_FB_OH;2040;Distributed Energy;2263,916162
FR00;FROH001;Hub;AC_FB_R;2040;Global Ambition;7486,083838
FROH001;FROH001;Hub;DC_FB_OH;2040;Global Ambition;2263,916162
FR00;FROH001;Hub;AC_FB_R;2040;National Trends;7486,083838
FROH001;FROH001;Hub;DC_FB_OH;2040;National Trends;2263,916162
FR00;FROH001;Hub;AC_FB_R;2045;Distributed Energy;7486,083838
FROH001;FROH001;Hub;DC_FB_OH;2045;Distributed Energy;6263,916162
FR00;FROH001;Hub;AC_FB_R;2045;Global Ambition;7486,083838
FROH001;FROH001;Hub;DC_FB_OH;2045;Global Ambition;6263,916162
FR00;FROH001;Hub;AC_FB_R;2045;National Trends;7486,083838
FROH001;FROH001;Hub;DC_FB_OH;2045;National Trends;6263,916162
FR00;FROH001;Hub;AC_FB_R;2050;Distributed Energy;7486,083838
FROH001;FROH001;Hub;DC_FB_OH;2050;Distributed Energy;6263,916162
FR00;FROH001;Hub;AC_FB_R;2050;Global Ambition;7486,083838
FROH001;FROH001;Hub;DC_FB_OH;2050;Global Ambition;6263,916162
FR00;FROH001;Hub;AC_FB_R;2050;National Trends;7486,083838
FROH001;FROH001;Hub;DC_FB_OH;2050;National Trends;6263,916162
FR00;FROH002;Hub;AC_FB_R;2030;Distributed Energy;1740
FR00;FROH002;Hub;AC_FB_R;2030;Global Ambition;1740
FR00;FROH002;Hub;AC_FB_R;2030;National Trends;1740
FR00;FROH002;Hub;AC_FB_R;2035;Distributed Energy;6721,308301
FR00;FROH002;Hub;AC_FL_R;2035;Distributed Energy;19,8865316
FROH002;FROH002;Hub;DC_FB_OH;2035;Distributed Energy;1098,805167
FR00;FROH002;Hub;AC_FB_R;2035;Global Ambition;6721,308301
FR00;FROH002;Hub;AC_FL_R;2035;Global Ambition;19,8865316
FROH002;FROH002;Hub;DC_FB_OH;2035;Global Ambition;1098,805167
FR00;FROH002;Hub;AC_FB_R;2035;National Trends;6721,308301
FR00;FROH002;Hub;AC_FL_R;2035;National Trends;19,8865316
FROH002;FROH002;Hub;DC_FB_OH;2035;National Trends;1098,805167
FR00;FROH002;Hub;AC_FB_R;2040;Distributed Energy;6721,308301
FR00;FROH002;Hub;AC_FL_R;2040;Distributed Energy;19,8865316
FROH002;FROH002;Hub;DC_FB_OH;2040;Distributed Energy;8298,805167
FR00;FROH002;Hub;AC_FB_R;2040;Global Ambition;6721,308301
FR00;FROH002;Hub;AC_FL_R;2040;Global Ambition;19,8865316
FROH002;FROH002;Hub;DC_FB_OH;2040;Global Ambition;8298,805167
FR00;FROH002;Hub;AC_FB_R;2040;National Trends;6721,308301
FR00;FROH002;Hub;AC_FL_R;2040;National Trends;19,8865316
FROH002;FROH002;Hub;DC_FB_OH;2040;National Trends;8298,805167
FR00;FROH002;Hub;AC_FB_R;2045;Distributed Energy;6721,308301
FR00;FROH002;Hub;AC_FL_R;2045;Distributed Energy;19,8865316
FROH002;FROH002;Hub;DC_FB_OH;2045;Distributed Energy;8298,805167
FR00;FROH002;Hub;AC_FB_R;2045;Global Ambition;6721,308301
FR00;FROH002;Hub;AC_FL_R;2045;Global Ambition;19,8865316
FROH002;FROH002;Hub;DC_FB_OH;2045;Global Ambition;8298,805167
FR00;FROH002;Hub;AC_FB_R;2045;National Trends;6721,308301
FR00;FROH002;Hub;AC_FL_R;2045;National Trends;19,8865316
FROH002;FROH002;Hub;DC_FB_OH;2045;National Trends;8298,805167
FR00;FROH002;Hub;AC_FB_R;2050;Distributed Energy;6721,308301
FR00;FROH002;Hub;AC_FL_R;2050;Distributed Energy;19,8865316
FROH002;FROH002;Hub;DC_FB_OH;2050;Distributed Energy;18298,80517
FR00;FROH002;Hub;AC_FB_R;2050;Global Ambition;6721,308301
FR00;FROH002;Hub;AC_FL_R;2050;Global Ambition;19,8865316
FROH002;FROH002;Hub;DC_FB_OH;2050;Global Ambition;18298,80517
FR00;FROH002;Hub;AC_FB_R;2050;National Trends;6721,308301
FR00;FROH002;Hub;AC_FL_R;2050;National Trends;19,8865316
FROH002;FROH002;Hub;DC_FB_OH;2050;National Trends;18298,80517
FR00;FROH003;Hub;AC_FB_R;2030;Distributed Energy;85
FR00;FROH003;Hub;AC_FB_R;2030;Global Ambition;85
FR00;FROH003;Hub;AC_FB_R;2030;National Trends;85
FR00;FROH003;Hub;AC_FB_R;2035;Distributed Energy;1585
FR00;FROH003;Hub;AC_FB_R;2035;Global Ambition;1585
FR00;FROH003;Hub;AC_FB_R;2035;National Trends;1585
FR00;FROH003;Hub;AC_FB_R;2040;Distributed Energy;1585
FR00;FROH003;Hub;AC_FB_R;2040;Global Ambition;1585
FR00;FROH003;Hub;AC_FB_R;2040;National Trends;1585
FR00;FROH003;Hub;AC_FB_R;2045;Distributed Energy;2266,539491
FR00;FROH003;Hub;AC_FL_R;2045;Distributed Energy;1524,525686
FROH003;FROH003;Hub;DC_FB_OH;2045;Distributed Energy;1439,44993
FROH003;FROH003;Hub;DC_FL_OH;2045;Distributed Energy;354,4848916
FR00;FROH003;Hub;AC_FB_R;2045;Global Ambition;2266,539491
FR00;FROH003;Hub;AC_FL_R;2045;Global Ambition;1524,525686
FROH003;FROH003;Hub;DC_FB_OH;2045;Global Ambition;1439,44993
FROH003;FROH003;Hub;DC_FL_OH;2045;Global Ambition;354,4848916
FR00;FROH003;Hub;AC_FB_R;2045;National Trends;2266,539491
FR00;FROH003;Hub;AC_FL_R;2045;National Trends;1524,525686
FROH003;FROH003;Hub;DC_FB_OH;2045;National Trends;1439,44993
FROH003;FROH003;Hub;DC_FL_OH;2045;National Trends;354,4848916
FR00;FROH003;Hub;AC_FB_R;2050;Distributed Energy;2266,539491
FR00;FROH003;Hub;AC_FL_R;2050;Distributed Energy;1524,525686
FROH003;FROH003;Hub;DC_FB_OH;2050;Distributed Energy;1439,44993
FROH003;FROH003;Hub;DC_FL_OH;2050;Distributed Energy;354,4848916
FR00;FROH003;Hub;AC_FB_R;2050;Global Ambition;2266,539491
FR00;FROH003;Hub;AC_FL_R;2050;Global Ambition;1524,525686
FROH003;FROH003;Hub;DC_FB_OH;2050;Global Ambition;1439,44993
FROH003;FROH003;Hub;DC_FL_OH;2050;Global Ambition;354,4848916
FR00;FROH003;Hub;AC_FB_R;2050;National Trends;2266,539491
FR00;FROH003;Hub;AC_FL_R;2050;National Trends;1524,525686
FROH003;FROH003;Hub;DC_FB_OH;2050;National Trends;1439,44993
FROH003;FROH003;Hub;DC_FL_OH;2050;National Trends;354,4848916
GR00;GROR001;Radial;AC_FB_R;2030;Distributed Energy;1988,780165
GR00;GROR001;Radial;AC_FL_R;2030;Distributed Energy;711,2198355
GR00;GROR001;Radial;AC_FB_R;2030;Global Ambition;1988,780165
GR00;GROR001;Radial;AC_FL_R;2030;Global Ambition;711,2198355
GR00;GROR001;Radial;AC_FB_R;2030;National Trends;1988,780165
GR00;GROR001;Radial;AC_FL_R;2030;National Trends;711,2198355
GR00;GROR001;Radial;AC_FB_R;2035;Distributed Energy;1988,780165
GR00;GROR001;Radial;AC_FL_R;2035;Distributed Energy;4463,981006
GR00;GROR001;Radial;DC_FB_R;2035;Distributed Energy;2197,238829
GR00;GROR001;Radial;AC_FB_R;2035;Global Ambition;1988,780165
GR00;GROR001;Radial;AC_FL_R;2035;Global Ambition;4463,981006
GR00;GROR001;Radial;DC_FB_R;2035;Global Ambition;2197,238829
GR00;GROR001;Radial;AC_FB_R;2035;National Trends;1988,780165
GR00;GROR001;Radial;AC_FL_R;2035;National Trends;4463,981006
GR00;GROR001;Radial;DC_FB_R;2035;National Trends;2197,238829
GR00;GROR001;Radial;AC_FB_R;2040;Distributed Energy;1988,780165
GR00;GROR001;Radial;AC_FL_R;2040;Distributed Energy;4463,981006
GR00;GROR001;Radial;DC_FB_R;2040;Distributed Energy;2197,238829
GR00;GROR001;Radial;AC_FB_R;2040;Global Ambition;1988,780165
GR00;GROR001;Radial;AC_FL_R;2040;Global Ambition;4463,981006
GR00;GROR001;Radial;DC_FB_R;2040;Global Ambition;2197,238829
GR00;GROR001;Radial;AC_FB_R;2040;National Trends;1988,780165
GR00;GROR001;Radial;AC_FL_R;2040;National Trends;4463,981006
GR00;GROR001;Radial;DC_FB_R;2040;National Trends;2197,238829
GR00;GROR001;Radial;AC_FB_R;2045;Distributed Energy;1988,780165
GR00;GROR001;Radial;AC_FL_R;2045;Distributed Energy;4463,981006
GR00;GROR001;Radial;DC_FB_R;2045;Distributed Energy;3273,311577
GR00;GROR001;Radial;DC_FL_R;2045;Distributed Energy;5223,927252
GR00;GROR001;Radial;AC_FB_R;2045;Global Ambition;1988,780165
GR00;GROR001;Radial;AC_FL_R;2045;Global Ambition;4463,981006
GR00;GROR001;Radial;DC_FB_R;2045;Global Ambition;3273,311577
GR00;GROR001;Radial;DC_FL_R;2045;Global Ambition;5223,927252
GR00;GROR001;Radial;AC_FB_R;2045;National Trends;1988,780165
GR00;GROR001;Radial;AC_FL_R;2045;National Trends;4463,981006
GR00;GROR001;Radial;DC_FB_R;2045;National Trends;3273,311577
GR00;GROR001;Radial;DC_FL_R;2045;National Trends;5223,927252
GR00;GROR001;Radial;AC_FB_R;2050;Distributed Energy;1988,780165
GR00;GROR001;Radial;AC_FL_R;2050;Distributed Energy;4463,981006
GR00;GROR001;Radial;DC_FB_R;2050;Distributed Energy;3273,311577
GR00;GROR001;Radial;DC_FL_R;2050;Distributed Energy;5223,927252
GR00;GROR001;Radial;AC_FB_R;2050;Global Ambition;1988,780165
GR00;GROR001;Radial;AC_FL_R;2050;Global Ambition;4463,981006
GR00;GROR001;Radial;DC_FB_R;2050;Global Ambition;3273,311577
GR00;GROR001;Radial;DC_FL_R;2050;Global Ambition;5223,927252
GR00;GROR001;Radial;AC_FB_R;2050;National Trends;1988,780165
GR00;GROR001;Radial;AC_FL_R;2050;National Trends;4463,981006
GR00;GROR001;Radial;DC_FB_R;2050;National Trends;3273,311577
GR00;GROR001;Radial;DC_FL_R;2050;National Trends;5223,927252
GR03;GROR002;Radial;AC_FB_R;2040;Distributed Energy;24,23371065
GR03;GROR002;Radial;AC_FL_R;2040;Distributed Energy;1525,766289
GR03;GROR002;Radial;AC_FB_R;2040;Global Ambition;24,23371065
GR03;GROR002;Radial;AC_FL_R;2040;Global Ambition;1525,766289
GR03;GROR002;Radial;AC_FB_R;2040;National Trends;24,23371065
GR03;GROR002;Radial;AC_FL_R;2040;National Trends;1525,766289
GR03;GROR002;Radial;AC_FB_R;2045;Distributed Energy;24,23371065
GR03;GROR002;Radial;AC_FL_R;2045;Distributed Energy;2525,766289
GR03;GROR002;Radial;AC_FB_R;2045;Global Ambition;24,23371065
GR03;GROR002;Radial;AC_FL_R;2045;Global Ambition;2525,766289
GR03;GROR002;Radial;AC_FB_R;2045;National Trends;24,23371065
GR03;GROR002;Radial;AC_FL_R;2045;National Trends;2525,766289
GR03;GROR002;Radial;AC_FB_R;2050;Distributed Energy;24,23371065
GR03;GROR002;Radial;AC_FL_R;2050;Distributed Energy;2525,766289
GR03;GROR002;Radial;AC_FB_R;2050;Global Ambition;24,23371065
GR03;GROR002;Radial;AC_FL_R;2050;Global Ambition;2525,766289
GR03;GROR002;Radial;AC_FB_R;2050;National Trends;24,23371065
GR03;GROR002;Radial;AC_FL_R;2050;National Trends;2525,766289
HR00;HROH001;Hub;AC_FB_R;2030;Distributed Energy;510
HR00;HROH001;Hub;AC_FB_R;2030;Global Ambition;510
HR00;HROH001;Hub;AC_FB_R;2030;National Trends;510
HR00;HROH001;Hub;AC_FB_R;2035;Distributed Energy;510
HR00;HROH001;Hub;AC_FB_R;2035;Global Ambition;510
HR00;HROH001;Hub;AC_FB_R;2035;National Trends;510
HR00;HROH001;Hub;AC_FB_R;2040;Distributed Energy;1200
HR00;HROH001;Hub;AC_FB_R;2040;Global Ambition;1200
HR00;HROH001;Hub;AC_FB_R;2040;National Trends;1200
HR00;HROH001;Hub;AC_FB_R;2045;Distributed Energy;1200
HR00;HROH001;Hub;AC_FB_R;2045;Global Ambition;1200
HR00;HROH001;Hub;AC_FB_R;2045;National Trends;1200
HR00;HROH001;Hub;AC_FB_R;2050;Distributed Energy;1302,507914
HR00;HROH001;Hub;AC_FL_R;2050;Distributed Energy;307,3433399
HROH001;HROH001;Hub;DC_FB_OH;2050;Distributed Energy;1073,526569
HROH001;HROH001;Hub;DC_FL_OH;2050;Distributed Energy;316,6221773
HR00;HROH001;Hub;AC_FB_R;2050;Global Ambition;1302,507914
HR00;HROH001;Hub;AC_FL_R;2050;Global Ambition;307,3433399
HROH001;HROH001;Hub;DC_FB_OH;2050;Global Ambition;1073,526569
HROH001;HROH001;Hub;DC_FL_OH;2050;Global Ambition;316,6221773
HR00;HROH001;Hub;AC_FB_R;2050;National Trends;1302,507914
HR00;HROH001;Hub;AC_FL_R;2050;National Trends;307,3433399
HROH001;HROH001;Hub;DC_FB_OH;2050;National Trends;1073,526569
HROH001;HROH001;Hub;DC_FL_OH;2050;National Trends;316,6221773
IE00;IEOH001;Hub;AC_FB_R;2030;Distributed Energy;3801,656822
IEOH001;IEOH001;Hub;DC_FB_OH;2030;Distributed Energy;1223,543178
IE00;IEOH001;Hub;AC_FB_R;2030;Global Ambition;3801,656822
IEOH001;IEOH001;Hub;DC_FB_OH;2030;Global Ambition;1223,543178
IE00;IEOH001;Hub;AC_FB_R;2030;National Trends;3801,656822
IEOH001;IEOH001;Hub;DC_FB_OH;2030;National Trends;1223,543178
IE00;IEOH001;Hub;AC_FB_R;2035;Distributed Energy;3801,656822
IEOH001;IEOH001;Hub;DC_FB_OH;2035;Distributed Energy;4259,043178
IE00;IEOH001;Hub;AC_FB_R;2035;Global Ambition;3801,656822
IEOH001;IEOH001;Hub;DC_FB_OH;2035;Global Ambition;4259,043178
IE00;IEOH001;Hub;AC_FB_R;2035;National Trends;3801,656822
IEOH001;IEOH001;Hub;DC_FB_OH;2035;National Trends;4259,043178
IE00;IEOH001;Hub;AC_FB_R;2040;Distributed Energy;3801,656822
IEOH001;IEOH001;Hub;DC_FB_OH;2040;Distributed Energy;7294,543178
IE00;IEOH001;Hub;AC_FB_R;2040;Global Ambition;3801,656822
IEOH001;IEOH001;Hub;DC_FB_OH;2040;Global Ambition;7294,543178
IE00;IEOH001;Hub;AC_FB_R;2040;National Trends;3801,656822
IEOH001;IEOH001;Hub;DC_FB_OH;2040;National Trends;7294,543178
IE00;IEOH001;Hub;AC_FB_R;2045;Distributed Energy;3801,656822
IEOH001;IEOH001;Hub;DC_FB_OH;2045;Distributed Energy;9794,543178
IE00;IEOH001;Hub;AC_FB_R;2045;Global Ambition;3801,656822
IEOH001;IEOH001;Hub;DC_FB_OH;2045;Global Ambition;9794,543178
IE00;IEOH001;Hub;AC_FB_R;2045;National Trends;3801,656822
IEOH001;IEOH001;Hub;DC_FB_OH;2045;National Trends;9794,543178
IE00;IEOH001;Hub;AC_FB_R;2050;Distributed Energy;3801,656822
IEOH001;IEOH001;Hub;DC_FB_OH;2050;Distributed Energy;12294,54318
IE00;IEOH001;Hub;AC_FB_R;2050;Global Ambition;3801,656822
IEOH001;IEOH001;Hub;DC_FB_OH;2050;Global Ambition;12294,54318
IE00;IEOH001;Hub;AC_FB_R;2050;National Trends;3801,656822
IEOH001;IEOH001;Hub;DC_FB_OH;2050;National Trends;12294,54318
ITCN;ITCNOR1;Radial;AC_FB_R;2030;Distributed Energy;400
ITCN;ITCNOR1;Radial;AC_FB_R;2030;Global Ambition;400
ITCN;ITCNOR1;Radial;AC_FB_R;2030;National Trends;400
ITCN;ITCNOR1;Radial;AC_FB_R;2035;Distributed Energy;1521
ITCN;ITCNOR1;Radial;AC_FB_R;2035;Global Ambition;1521
ITCN;ITCNOR1;Radial;AC_FB_R;2035;National Trends;1521
ITCN;ITCNOR1;Radial;AC_FB_R;2040;Distributed Energy;1609,224774
ITCN;ITCNOR1;Radial;AC_FL_R;2040;Distributed Energy;690,7752258
ITCN;ITCNOR1;Radial;AC_FB_R;2040;Global Ambition;1609,224774
ITCN;ITCNOR1;Radial;AC_FL_R;2040;Global Ambition;690,7752258
ITCN;ITCNOR1;Radial;AC_FB_R;2040;National Trends;1609,224774
ITCN;ITCNOR1;Radial;AC_FL_R;2040;National Trends;690,7752258
ITCN;ITCNOR1;Radial;AC_FB_R;2045;Distributed Energy;1609,224774
ITCN;ITCNOR1;Radial;AC_FL_R;2045;Distributed Energy;690,7752258
ITCN;ITCNOR1;Radial;AC_FB_R;2045;Global Ambition;1609,224774
ITCN;ITCNOR1;Radial;AC_FL_R;2045;Global Ambition;690,7752258
ITCN;ITCNOR1;Radial;AC_FB_R;2045;National Trends;1609,224774
ITCN;ITCNOR1;Radial;AC_FL_R;2045;National Trends;690,7752258
ITCN;ITCNOR1;Radial;AC_FB_R;2050;Distributed Energy;1609,224774
ITCN;ITCNOR1;Radial;AC_FL_R;2050;Distributed Energy;690,7752258
ITCN;ITCNOR1;Radial;AC_FB_R;2050;Global Ambition;1609,224774
ITCN;ITCNOR1;Radial;AC_FL_R;2050;Global Ambition;690,7752258
ITCN;ITCNOR1;Radial;AC_FB_R;2050;National Trends;1609,224774
ITCN;ITCNOR1;Radial;AC_FL_R;2050;National Trends;690,7752258
ITCS;ITCSOR1;Radial;AC_FB_R;2030;Distributed Energy;634,2281553
ITCS;ITCSOR1;Radial;AC_FL_R;2030;Distributed Energy;265,7718447
ITCS;ITCSOR1;Radial;AC_FB_R;2030;Global Ambition;634,2281553
ITCS;ITCSOR1;Radial;AC_FL_R;2030;Global Ambition;265,7718447
ITCS;ITCSOR1;Radial;AC_FB_R;2030;National Trends;634,2281553
ITCS;ITCSOR1;Radial;AC_FL_R;2030;National Trends;265,7718447
ITCS;ITCSOR1;Radial;AC_FB_R;2035;Distributed Energy;634,2281553
ITCS;ITCSOR1;Radial;AC_FL_R;2035;Distributed Energy;678,7718447
ITCS;ITCSOR1;Radial;AC_FB_R;2035;Global Ambition;634,2281553
ITCS;ITCSOR1;Radial;AC_FL_R;2035;Global Ambition;678,7718447
ITCS;ITCSOR1;Radial;AC_FB_R;2035;National Trends;634,2281553
ITCS;ITCSOR1;Radial;AC_FL_R;2035;National Trends;678,7718447
ITCS;ITCSOR1;Radial;AC_FB_R;2040;Distributed Energy;634,2281553
ITCS;ITCSOR1;Radial;AC_FL_R;2040;Distributed Energy;965,7718447
ITCS;ITCSOR1;Radial;AC_FB_R;2040;Global Ambition;634,2281553
ITCS;ITCSOR1;Radial;AC_FL_R;2040;Global Ambition;965,7718447
ITCS;ITCSOR1;Radial;AC_FB_R;2040;National Trends;634,2281553
ITCS;ITCSOR1;Radial;AC_FL_R;2040;National Trends;965,7718447
ITCS;ITCSOR1;Radial;AC_FB_R;2045;Distributed Energy;634,2281553
ITCS;ITCSOR1;Radial;AC_FL_R;2045;Distributed Energy;965,7718447
ITCS;ITCSOR1;Radial;AC_FB_R;2045;Global Ambition;634,2281553
ITCS;ITCSOR1;Radial;AC_FL_R;2045;Global Ambition;965,7718447
ITCS;ITCSOR1;Radial;AC_FB_R;2045;National Trends;634,2281553
ITCS;ITCSOR1;Radial;AC_FL_R;2045;National Trends;965,7718447
ITCS;ITCSOR1;Radial;AC_FB_R;2050;Distributed Energy;634,2281553
ITCS;ITCSOR1;Radial;AC_FL_R;2050;Distributed Energy;965,7718447
ITCS;ITCSOR1;Radial;AC_FB_R;2050;Global Ambition;634,2281553
ITCS;ITCSOR1;Radial;AC_FL_R;2050;Global Ambition;965,7718447
ITCS;ITCSOR1;Radial;AC_FB_R;2050;National Trends;634,2281553
ITCS;ITCSOR1;Radial;AC_FL_R;2050;National Trends;965,7718447
ITN1;ITN1OR1;Radial;AC_FB_R;2030;Distributed Energy;600
ITN1;ITN1OR1;Radial;AC_FB_R;2030;Global Ambition;600
ITN1;ITN1OR1;Radial;AC_FB_R;2030;National Trends;600
ITN1;ITN1OR1;Radial;AC_FB_R;2035;Distributed Energy;760,0247378
ITN1;ITN1OR1;Radial;AC_FL_R;2035;Distributed Energy;16,97526219
ITN1;ITN1OR1;Radial;AC_FB_R;2035;Global Ambition;760,0247378
ITN1;ITN1OR1;Radial;AC_FL_R;2035;Global Ambition;16,97526219
ITN1;ITN1OR1;Radial;AC_FB_R;2035;National Trends;760,0247378
ITN1;ITN1OR1;Radial;AC_FL_R;2035;National Trends;16,97526219
ITN1;ITN1OR1;Radial;AC_FB_R;2040;Distributed Energy;760,0247378
ITN1;ITN1OR1;Radial;AC_FL_R;2040;Distributed Energy;139,9752622
ITN1;ITN1OR1;Radial;AC_FB_R;2040;Global Ambition;760,0247378
ITN1;ITN1OR1;Radial;AC_FL_R;2040;Global Ambition;139,9752622
ITN1;ITN1OR1;Radial;AC_FB_R;2040;National Trends;760,0247378
ITN1;ITN1OR1;Radial;AC_FL_R;2040;National Trends;139,9752622
ITN1;ITN1OR1;Radial;AC_FB_R;2045;Distributed Energy;760,0247378
ITN1;ITN1OR1;Radial;AC_FL_R;2045;Distributed Energy;139,9752622
ITN1;ITN1OR1;Radial;AC_FB_R;2045;Global Ambition;760,0247378
ITN1;ITN1OR1;Radial;AC_FL_R;2045;Global Ambition;139,9752622
ITN1;ITN1OR1;Radial;AC_FB_R;2045;National Trends;760,0247378
ITN1;ITN1OR1;Radial;AC_FL_R;2045;National Trends;139,9752622
ITN1;ITN1OR1;Radial;AC_FB_R;2050;Distributed Energy;760,0247378
ITN1;ITN1OR1;Radial;AC_FL_R;2050;Distributed Energy;139,9752622
ITN1;ITN1OR1;Radial;AC_FB_R;2050;Global Ambition;760,0247378
ITN1;ITN1OR1;Radial;AC_FL_R;2050;Global Ambition;139,9752622
ITN1;ITN1OR1;Radial;AC_FB_R;2050;National Trends;760,0247378
ITN1;ITN1OR1;Radial;AC_FL_R;2050;National Trends;139,9752622
ITS1;ITS1OR1;Radial;AC_FB_R;2030;Distributed Energy;3800
ITS1;ITS1OR1;Radial;AC_FB_R;2030;Global Ambition;3800
ITS1;ITS1OR1;Radial;AC_FB_R;2030;National Trends;3800
ITS1;ITS1OR1;Radial;AC_FB_R;2035;Distributed Energy;4999,509493
ITS1;ITS1OR1;Radial;AC_FL_R;2035;Distributed Energy;1219,490507
ITS1;ITS1OR1;Radial;AC_FB_R;2035;Global Ambition;4999,509493
ITS1;ITS1OR1;Radial;AC_FL_R;2035;Global Ambition;1219,490507
ITS1;ITS1OR1;Radial;AC_FB_R;2035;National Trends;4999,509493
ITS1;ITS1OR1;Radial;AC_FL_R;2035;National Trends;1219,490507
ITS1;ITS1OR1;Radial;AC_FB_R;2040;Distributed Energy;4999,509493
ITS1;ITS1OR1;Radial;AC_FL_R;2040;Distributed Energy;2900,490507
ITS1;ITS1OR1;Radial;AC_FB_R;2040;Global Ambition;4999,509493
ITS1;ITS1OR1;Radial;AC_FL_R;2040;Global Ambition;2900,490507
ITS1;ITS1OR1;Radial;AC_FB_R;2040;National Trends;4999,509493
ITS1;ITS1OR1;Radial;AC_FL_R;2040;National Trends;2900,490507
ITS1;ITS1OR1;Radial;AC_FB_R;2045;Distributed Energy;4999,509493
ITS1;ITS1OR1;Radial;AC_FL_R;2045;Distributed Energy;2900,490507
ITS1;ITS1OR1;Radial;AC_FB_R;2045;Global Ambition;4999,509493
ITS1;ITS1OR1;Radial;AC_FL_R;2045;Global Ambition;2900,490507
ITS1;ITS1OR1;Radial;AC_FB_R;2045;National Trends;4999,509493
ITS1;ITS1OR1;Radial;AC_FL_R;2045;National Trends;2900,490507
ITS1;ITS1OR1;Radial;AC_FB_R;2050;Distributed Energy;4999,509493
ITS1;ITS1OR1;Radial;AC_FL_R;2050;Distributed Energy;2900,490507
ITS1;ITS1OR1;Radial;AC_FB_R;2050;Global Ambition;4999,509493
ITS1;ITS1OR1;Radial;AC_FL_R;2050;Global Ambition;2900,490507
ITS1;ITS1OR1;Radial;AC_FB_R;2050;National Trends;4999,509493
ITS1;ITS1OR1;Radial;AC_FL_R;2050;National Trends;2900,490507
ITSA;ITSAOR1;Radial;AC_FB_R;2030;Distributed Energy;817,2830068
ITSA;ITSAOR1;Radial;AC_FL_R;2030;Distributed Energy;582,7169932
ITSA;ITSAOR1;Radial;AC_FB_R;2030;Global Ambition;817,2830068
ITSA;ITSAOR1;Radial;AC_FL_R;2030;Global Ambition;582,7169932
ITSA;ITSAOR1;Radial;AC_FB_R;2030;National Trends;817,2830068
ITSA;ITSAOR1;Radial;AC_FL_R;2030;National Trends;582,7169932
ITSA;ITSAOR1;Radial;AC_FB_R;2035;Distributed Energy;817,2830068
ITSA;ITSAOR1;Radial;AC_FL_R;2035;Distributed Energy;1290,716993
ITSA;ITSAOR1;Radial;AC_FB_R;2035;Global Ambition;817,2830068
ITSA;ITSAOR1;Radial;AC_FL_R;2035;Global Ambition;1290,716993
ITSA;ITSAOR1;Radial;AC_FB_R;2035;National Trends;817,2830068
ITSA;ITSAOR1;Radial;AC_FL_R;2035;National Trends;1290,716993
ITSA;ITSAOR1;Radial;AC_FB_R;2040;Distributed Energy;817,2830068
ITSA;ITSAOR1;Radial;AC_FL_R;2040;Distributed Energy;1782,716993
ITSA;ITSAOR1;Radial;AC_FB_R;2040;Global Ambition;817,2830068
ITSA;ITSAOR1;Radial;AC_FL_R;2040;Global Ambition;1782,716993
ITSA;ITSAOR1;Radial;AC_FB_R;2040;National Trends;817,2830068
ITSA;ITSAOR1;Radial;AC_FL_R;2040;National Trends;1782,716993
ITSA;ITSAOR1;Radial;AC_FB_R;2045;Distributed Energy;817,2830068
ITSA;ITSAOR1;Radial;AC_FL_R;2045;Distributed Energy;1782,716993
ITSA;ITSAOR1;Radial;AC_FB_R;2045;Global Ambition;817,2830068
ITSA;ITSAOR1;Radial;AC_FL_R;2045;Global Ambition;1782,716993
ITSA;ITSAOR1;Radial;AC_FB_R;2045;National Trends;817,2830068
ITSA;ITSAOR1;Radial;AC_FL_R;2045;National Trends;1782,716993
ITSA;ITSAOR1;Radial;AC_FB_R;2050;Distributed Energy;817,2830068
ITSA;ITSAOR1;Radial;AC_FL_R;2050;Distributed Energy;1782,716993
ITSA;ITSAOR1;Radial;AC_FB_R;2050;Global Ambition;817,2830068
ITSA;ITSAOR1;Radial;AC_FL_R;2050;Global Ambition;1782,716993
ITSA;ITSAOR1;Radial;AC_FB_R;2050;National Trends;817,2830068
ITSA;ITSAOR1;Radial;AC_FL_R;2050;National Trends;1782,716993
ITSI;ITSIOR1;Radial;AC_FB_R;2030;Distributed Energy;1024,262971
ITSI;ITSIOR1;Radial;AC_FL_R;2030;Distributed Energy;375,7370286
ITSI;ITSIOR1;Radial;AC_FB_R;2030;Global Ambition;1024,262971
ITSI;ITSIOR1;Radial;AC_FL_R;2030;Global Ambition;375,7370286
ITSI;ITSIOR1;Radial;AC_FB_R;2030;National Trends;1024,262971
ITSI;ITSIOR1;Radial;AC_FL_R;2030;National Trends;375,7370286
ITSI;ITSIOR1;Radial;AC_FB_R;2035;Distributed Energy;1024,262971
ITSI;ITSIOR1;Radial;AC_FL_R;2035;Distributed Energy;1437,737029
ITSI;ITSIOR1;Radial;AC_FB_R;2035;Global Ambition;1024,262971
ITSI;ITSIOR1;Radial;AC_FL_R;2035;Global Ambition;1437,737029
ITSI;ITSIOR1;Radial;AC_FB_R;2035;National Trends;1024,262971
ITSI;ITSIOR1;Radial;AC_FL_R;2035;National Trends;1437,737029
ITSI;ITSIOR1;Radial;AC_FB_R;2040;Distributed Energy;1024,262971
ITSI;ITSIOR1;Radial;AC_FL_R;2040;Distributed Energy;1572,092265
ITSI;ITSIOR1;Radial;DC_FB_R;2040;Distributed Energy;603,6447632
ITSI;ITSIOR1;Radial;AC_FB_R;2040;Global Ambition;1024,262971
ITSI;ITSIOR1;Radial;AC_FL_R;2040;Global Ambition;1572,092265
ITSI;ITSIOR1;Radial;DC_FB_R;2040;Global Ambition;603,6447632
ITSI;ITSIOR1;Radial;AC_FB_R;2040;National Trends;1024,262971
ITSI;ITSIOR1;Radial;AC_FL_R;2040;National Trends;1572,092265
ITSI;ITSIOR1;Radial;DC_FB_R;2040;National Trends;603,6447632
ITSI;ITSIOR1;Radial;AC_FB_R;2045;Distributed Energy;1024,262971
ITSI;ITSIOR1;Radial;AC_FL_R;2045;Distributed Energy;1572,092265
ITSI;ITSIOR1;Radial;DC_FB_R;2045;Distributed Energy;603,6447632
ITSI;ITSIOR1;Radial;AC_FB_R;2045;Global Ambition;1024,262971
ITSI;ITSIOR1;Radial;AC_FL_R;2045;Global Ambition;1572,092265
ITSI;ITSIOR1;Radial;DC_FB_R;2045;Global Ambition;603,6447632
ITSI;ITSIOR1;Radial;AC_FB_R;2045;National Trends;1024,262971
ITSI;ITSIOR1;Radial;AC_FL_R;2045;National Trends;1572,092265
ITSI;ITSIOR1;Radial;DC_FB_R;2045;National Trends;603,6447632
ITSI;ITSIOR1;Radial;AC_FB_R;2050;Distributed Energy;1024,262971
ITSI;ITSIOR1;Radial;AC_FL_R;2050;Distributed Energy;1572,092265
ITSI;ITSIOR1;Radial;DC_FB_R;2050;Distributed Energy;603,6447632
ITSI;ITSIOR1;Radial;AC_FB_R;2050;Global Ambition;1024,262971
ITSI;ITSIOR1;Radial;AC_FL_R;2050;Global Ambition;1572,092265
ITSI;ITSIOR1;Radial;DC_FB_R;2050;Global Ambition;603,6447632
ITSI;ITSIOR1;Radial;AC_FB_R;2050;National Trends;1024,262971
ITSI;ITSIOR1;Radial;AC_FL_R;2050;National Trends;1572,092265
ITSI;ITSIOR1;Radial;DC_FB_R;2050;National Trends;603,6447632
LT00;LTOR001;Radial;AC_FB_R;2030;Distributed Energy;1400
LT00;LTOR001;Radial;AC_FB_R;2030;Global Ambition;1400
LT00;LTOR001;Radial;AC_FB_R;2030;National Trends;1400
LT00;LTOR001;Radial;AC_FB_R;2035;Distributed Energy;1676,696108
LT00;LTOR001;Radial;DC_FB_R;2035;Distributed Energy;423,3038915
LT00;LTOR001;Radial;AC_FB_R;2035;Global Ambition;1676,696108
LT00;LTOR001;Radial;DC_FB_R;2035;Global Ambition;423,3038915
LT00;LTOR001;Radial;AC_FB_R;2035;National Trends;1676,696108
LT00;LTOR001;Radial;DC_FB_R;2035;National Trends;423,3038915
LT00;LTOR001;Radial;AC_FB_R;2040;Distributed Energy;1676,696108
LT00;LTOR001;Radial;DC_FB_R;2040;Distributed Energy;2523,303892
LT00;LTOR001;Radial;AC_FB_R;2040;Global Ambition;1676,696108
LT00;LTOR001;Radial;DC_FB_R;2040;Global Ambition;2523,303892
LT00;LTOR001;Radial;AC_FB_R;2040;National Trends;1676,696108
LT00;LTOR001;Radial;DC_FB_R;2040;National Trends;2523,303892
LT00;LTOR001;Radial;AC_FB_R;2045;Distributed Energy;1676,696108
LT00;LTOR001;Radial;DC_FB_R;2045;Distributed Energy;2523,303892
LT00;LTOR001;Radial;AC_FB_R;2045;Global Ambition;1676,696108
LT00;LTOR001;Radial;DC_FB_R;2045;Global Ambition;2523,303892
LT00;LTOR001;Radial;AC_FB_R;2045;National Trends;1676,696108
LT00;LTOR001;Radial;DC_FB_R;2045;National Trends;2523,303892
LT00;LTOR001;Radial;AC_FB_R;2050;Distributed Energy;1676,696108
LT00;LTOR001;Radial;DC_FB_R;2050;Distributed Energy;5923,303892
LT00;LTOR001;Radial;AC_FB_R;2050;Global Ambition;1676,696108
LT00;LTOR001;Radial;DC_FB_R;2050;Global Ambition;5923,303892
LT00;LTOR001;Radial;AC_FB_R;2050;National Trends;1676,696108
LT00;LTOR001;Radial;DC_FB_R;2050;National Trends;5923,303892
LV00;LVOH001;Hub;AC_FB_R;2030;Distributed Energy;500
LV00;LVOH001;Hub;AC_FB_R;2030;Global Ambition;500
LV00;LVOH001;Hub;AC_FB_R;2030;National Trends;500
LV00;LVOH001;Hub;AC_FB_R;2035;Distributed Energy;500
LV00;LVOH001;Hub;AC_FB_R;2035;Global Ambition;500
LV00;LVOH001;Hub;AC_FB_R;2035;National Trends;500
LV00;LVOH001;Hub;AC_FB_R;2040;Distributed Energy;1000
LV00;LVOH001;Hub;AC_FB_R;2040;Global Ambition;1000
LV00;LVOH001;Hub;AC_FB_R;2040;National Trends;1000
LV00;LVOH001;Hub;AC_FB_R;2045;Distributed Energy;1000
LV00;LVOH001;Hub;AC_FB_R;2045;Global Ambition;1000
LV00;LVOH001;Hub;AC_FB_R;2045;National Trends;1000
LV00;LVOH001;Hub;AC_FB_R;2050;Distributed Energy;4160,557664
LVOH001;LVOH001;Hub;DC_FB_OH;2050;Distributed Energy;3339,442336
LV00;LVOH001;Hub;AC_FB_R;2050;Global Ambition;4160,557664
LVOH001;LVOH001;Hub;DC_FB_OH;2050;Global Ambition;3339,442336
LV00;LVOH001;Hub;AC_FB_R;2050;National Trends;4160,557664
LVOH001;LVOH001;Hub;DC_FB_OH;2050;National Trends;3339,442336
NLOH001;NLOH001;FarShoreHub;DC_FB_OH;2030;Distributed Energy;2000
NLOH001;NLOH001;FarShoreHub;DC_FB_OH;2030;Global Ambition;2000
NLOH001;NLOH001;FarShoreHub;DC_FB_OH;2030;National Trends;2000
NLOH001;NLOH001;FarShoreHub;DC_FB_OH;2035;Distributed Energy;5300
NLOH001;NLOH001;FarShoreHub;DC_FB_OH;2035;Global Ambition;5300
NLOH001;NLOH001;FarShoreHub;DC_FB_OH;2035;National Trends;5300
NLOH001;NLOH001;FarShoreHub;H2_FB_OH;2035;Distributed Energy;4350
NLOH001;NLOH001;FarShoreHub;DC_FB_OH;2040;Distributed Energy;5300
NLOH001;NLOH001;FarShoreHub;H2_FB_OH;2040;Distributed Energy;12000
NLOH001;NLOH001;FarShoreHub;H2_FB_OH;2035;Global Ambition;4350
NLOH001;NLOH001;FarShoreHub;DC_FB_OH;2040;Global Ambition;5300
NLOH001;NLOH001;FarShoreHub;H2_FB_OH;2040;Global Ambition;12000
NLOH001;NLOH001;FarShoreHub;H2_FB_OH;2035;National Trends;4350
NLOH001;NLOH001;FarShoreHub;DC_FB_OH;2040;National Trends;5300
NLOH001;NLOH001;FarShoreHub;H2_FB_OH;2040;National Trends;12000
NLOH001;NLOH001;FarShoreHub;DC_FB_OH;2045;Distributed Energy;8300
NLOH001;NLOH001;FarShoreHub;H2_FB_OH;2045;Distributed Energy;16000
NLOH001;NLOH001;FarShoreHub;DC_FB_OH;2045;Global Ambition;8300
NLOH001;NLOH001;FarShoreHub;H2_FB_OH;2045;Global Ambition;16000
NLOH001;NLOH001;FarShoreHub;DC_FB_OH;2045;National Trends;8300
NLOH001;NLOH001;FarShoreHub;H2_FB_OH;2045;National Trends;16000
NLOH001;NLOH001;FarShoreHub;DC_FB_OH;2050;Distributed Energy;11300
NLOH001;NLOH001;FarShoreHub;H2_FB_OH;2050;Distributed Energy;20000
NLOH001;NLOH001;FarShoreHub;DC_FB_OH;2050;Global Ambition;11300
NLOH001;NLOH001;FarShoreHub;H2_FB_OH;2050;Global Ambition;20000
NLOH001;NLOH001;FarShoreHub;DC_FB_OH;2050;National Trends;11300
NLOH001;NLOH001;FarShoreHub;H2_FB_OH;2050;National Trends;20000
NL00;NLOR001;Radial;DC_FB_R;2030;Distributed Energy;14300
NL00;NLOR001;Radial;DC_FB_R;2030;Global Ambition;14300
NL00;NLOR001;Radial;DC_FB_R;2030;National Trends;14300
NL00;NLOR001;Radial;DC_FB_R;2035;Distributed Energy;23650
NL00;NLOR001;Radial;DC_FB_R;2035;Global Ambition;23650
NL00;NLOR001;Radial;DC_FB_R;2035;National Trends;23650
NL00;NLOR001;Radial;AC_FB_R;2040;Distributed Energy;3578,637544
NL00;NLOR001;Radial;DC_FB_R;2040;Distributed Energy;29421,36246
NL00;NLOR001;Radial;AC_FB_R;2040;Global Ambition;3578,637544
NL00;NLOR001;Radial;DC_FB_R;2040;Global Ambition;29421,36246
NL00;NLOR001;Radial;AC_FB_R;2040;National Trends;3578,637544
NL00;NLOR001;Radial;DC_FB_R;2040;National Trends;29421,36246
NL00;NLOR001;Radial;AC_FB_R;2045;Distributed Energy;7578,637544
NL00;NLOR001;Radial;DC_FB_R;2045;Distributed Energy;29421,36246
NL00;NLOR001;Radial;AC_FB_R;2045;Global Ambition;7578,637544
NL00;NLOR001;Radial;DC_FB_R;2045;Global Ambition;29421,36246
NL00;NLOR001;Radial;AC_FB_R;2045;National Trends;7578,637544
NL00;NLOR001;Radial;DC_FB_R;2045;National Trends;29421,36246
NL00;NLOR001;Radial;AC_FB_R;2050;Distributed Energy;11578,63754
NL00;NLOR001;Radial;DC_FB_R;2050;Distributed Energy;29421,36246
NL00;NLOR001;Radial;AC_FB_R;2050;Global Ambition;11578,63754
NL00;NLOR001;Radial;DC_FB_R;2050;Global Ambition;29421,36246
NL00;NLOR001;Radial;AC_FB_R;2050;National Trends;11578,63754
NL00;NLOR001;Radial;DC_FB_R;2050;National Trends;29421,36246
NOM1;NOMOH01;Hub;AC_FB_R;2040;Distributed Energy;187,8248422
NOM1;NOMOH01;Hub;AC_FL_R;2040;Distributed Energy;122,8858041
NOMOH01;NOMOH01;Hub;DC_FB_OH;2040;Distributed Energy;502,1180006
NOMOH01;NOMOH01;Hub;DC_FL_OH;2040;Distributed Energy;1187,171353
NOM1;NOMOH01;Hub;AC_FB_R;2040;Global Ambition;187,8248422
NOM1;NOMOH01;Hub;AC_FL_R;2040;Global Ambition;122,8858041
NOMOH01;NOMOH01;Hub;DC_FB_OH;2040;Global Ambition;502,1180006
NOMOH01;NOMOH01;Hub;DC_FL_OH;2040;Global Ambition;1187,171353
NOM1;NOMOH01;Hub;AC_FB_R;2040;National Trends;187,8248422
NOM1;NOMOH01;Hub;AC_FL_R;2040;National Trends;122,8858041
NOMOH01;NOMOH01;Hub;DC_FB_OH;2040;National Trends;502,1180006
NOMOH01;NOMOH01;Hub;DC_FL_OH;2040;National Trends;1187,171353
NOM1;NOMOH01;Hub;AC_FB_R;2045;Distributed Energy;187,8248422
NOM1;NOMOH01;Hub;AC_FL_R;2045;Distributed Energy;122,8858041
NOMOH01;NOMOH01;Hub;DC_FB_OH;2045;Distributed Energy;502,1180006
NOMOH01;NOMOH01;Hub;DC_FL_OH;2045;Distributed Energy;1187,171353
NOM1;NOMOH01;Hub;AC_FB_R;2045;Global Ambition;187,8248422
NOM1;NOMOH01;Hub;AC_FL_R;2045;Global Ambition;122,8858041
NOMOH01;NOMOH01;Hub;DC_FB_OH;2045;Global Ambition;502,1180006
NOMOH01;NOMOH01;Hub;DC_FL_OH;2045;Global Ambition;1187,171353
NOM1;NOMOH01;Hub;AC_FB_R;2045;National Trends;187,8248422
NOM1;NOMOH01;Hub;AC_FL_R;2045;National Trends;122,8858041
NOMOH01;NOMOH01;Hub;DC_FB_OH;2045;National Trends;502,1180006
NOMOH01;NOMOH01;Hub;DC_FL_OH;2045;National Trends;1187,171353
NOM1;NOMOH01;Hub;AC_FB_R;2050;Distributed Energy;187,8248422
NOM1;NOMOH01;Hub;AC_FL_R;2050;Distributed Energy;122,8858041
NOMOH01;NOMOH01;Hub;DC_FB_OH;2050;Distributed Energy;502,1180006
NOMOH01;NOMOH01;Hub;DC_FL_OH;2050;Distributed Energy;1187,171353
NOM1;NOMOH01;Hub;AC_FB_R;2050;Global Ambition;187,8248422
NOM1;NOMOH01;Hub;AC_FL_R;2050;Global Ambition;122,8858041
NOMOH01;NOMOH01;Hub;DC_FB_OH;2050;Global Ambition;502,1180006
NOMOH01;NOMOH01;Hub;DC_FL_OH;2050;Global Ambition;1187,171353
NOM1;NOMOH01;Hub;AC_FB_R;2050;National Trends;187,8248422
NOM1;NOMOH01;Hub;AC_FL_R;2050;National Trends;122,8858041
NOMOH01;NOMOH01;Hub;DC_FB_OH;2050;National Trends;502,1180006
NOMOH01;NOMOH01;Hub;DC_FL_OH;2050;National Trends;1187,171353
NON1;NONOH01;Hub;AC_FB_R;2040;Distributed Energy;99,60970167
NON1;NONOH01;Hub;AC_FL_R;2040;Distributed Energy;84,97389569
NONOH01;NONOH01;Hub;DC_FB_OH;2040;Distributed Energy;273,6223869
NONOH01;NONOH01;Hub;DC_FL_OH;2040;Distributed Energy;41,79401572
NON1;NONOH01;Hub;AC_FB_R;2040;Global Ambition;99,60970167
NON1;NONOH01;Hub;AC_FL_R;2040;Global Ambition;84,97389569
NONOH01;NONOH01;Hub;DC_FB_OH;2040;Global Ambition;273,6223869
NONOH01;NONOH01;Hub;DC_FL_OH;2040;Global Ambition;41,79401572
NON1;NONOH01;Hub;AC_FB_R;2040;National Trends;99,60970167
NON1;NONOH01;Hub;AC_FL_R;2040;National Trends;84,97389569
NONOH01;NONOH01;Hub;DC_FB_OH;2040;National Trends;273,6223869
NONOH01;NONOH01;Hub;DC_FL_OH;2040;National Trends;41,79401572
NON1;NONOH01;Hub;AC_FB_R;2045;Distributed Energy;99,60970167
NON1;NONOH01;Hub;AC_FL_R;2045;Distributed Energy;84,97389569
NONOH01;NONOH01;Hub;DC_FB_OH;2045;Distributed Energy;273,6223869
NONOH01;NONOH01;Hub;DC_FL_OH;2045;Distributed Energy;41,79401572
NON1;NONOH01;Hub;AC_FB_R;2045;Global Ambition;99,60970167
NON1;NONOH01;Hub;AC_FL_R;2045;Global Ambition;84,97389569
NONOH01;NONOH01;Hub;DC_FB_OH;2045;Global Ambition;273,6223869
NONOH01;NONOH01;Hub;DC_FL_OH;2045;Global Ambition;41,79401572
NON1;NONOH01;Hub;AC_FB_R;2045;National Trends;99,60970167
NON1;NONOH01;Hub;AC_FL_R;2045;National Trends;84,97389569
NONOH01;NONOH01;Hub;DC_FB_OH;2045;National Trends;273,6223869
NONOH01;NONOH01;Hub;DC_FL_OH;2045;National Trends;41,79401572
NON1;NONOH01;Hub;AC_FB_R;2050;Distributed Energy;99,60970167
NON1;NONOH01;Hub;AC_FL_R;2050;Distributed Energy;84,97389569
NONOH01;NONOH01;Hub;DC_FB_OH;2050;Distributed Energy;273,6223869
NONOH01;NONOH01;Hub;DC_FL_OH;2050;Distributed Energy;41,79401572
NON1;NONOH01;Hub;AC_FB_R;2050;Global Ambition;99,60970167
NON1;NONOH01;Hub;AC_FL_R;2050;Global Ambition;84,97389569
NONOH01;NONOH01;Hub;DC_FB_OH;2050;Global Ambition;273,6223869
NONOH01;NONOH01;Hub;DC_FL_OH;2050;Global Ambition;41,79401572
NON1;NONOH01;Hub;AC_FB_R;2050;National Trends;99,60970167
NON1;NONOH01;Hub;AC_FL_R;2050;National Trends;84,97389569
NONOH01;NONOH01;Hub;DC_FB_OH;2050;National Trends;273,6223869
NONOH01;NONOH01;Hub;DC_FL_OH;2050;National Trends;41,79401572
NOSOH01;NOSOH01;FarShoreHub;DC_FB_OH;2030;Distributed Energy;1503,5
NOSOH01;NOSOH01;FarShoreHub;DC_FB_OH;2030;Global Ambition;1503,5
NOSOH01;NOSOH01;FarShoreHub;DC_FB_OH;2030;National Trends;1503,5
NOSOH01;NOSOH01;FarShoreHub;DC_FB_OH;2035;Distributed Energy;3003,5
NOSOH01;NOSOH01;FarShoreHub;DC_FB_OH;2035;Global Ambition;3003,5
NOSOH01;NOSOH01;FarShoreHub;DC_FB_OH;2035;National Trends;3003,5
NOSOH01;NOSOH01;FarShoreHub;DC_FB_OH;2040;Distributed Energy;4503,5
NOSOH01;NOSOH01;FarShoreHub;DC_FB_OH;2040;Global Ambition;4503,5
NOSOH01;NOSOH01;FarShoreHub;DC_FB_OH;2040;National Trends;4503,5
NOSOH01;NOSOH01;FarShoreHub;DC_FB_OH;2045;Distributed Energy;4503,5
NOSOH01;NOSOH01;FarShoreHub;DC_FB_OH;2045;Global Ambition;4503,5
NOSOH01;NOSOH01;FarShoreHub;DC_FB_OH;2045;National Trends;4503,5
NOSOH01;NOSOH01;FarShoreHub;DC_FB_OH;2050;Distributed Energy;4503,5
NOSOH01;NOSOH01;FarShoreHub;DC_FB_OH;2050;Global Ambition;4503,5
NOSOH01;NOSOH01;FarShoreHub;DC_FB_OH;2050;National Trends;4503,5
NOS0;NOSOH02;Hub;AC_FB_R;2035;Distributed Energy;62,07803042
NOS0;NOSOH02;Hub;AC_FL_R;2035;Distributed Energy;196,6993794
NOSOH02;NOSOH02;Hub;DC_FB_OH;2035;Distributed Energy;715,5891308
NOSOH02;NOSOH02;Hub;DC_FL_OH;2035;Distributed Energy;525,6334594
NOS0;NOSOH02;Hub;AC_FB_R;2035;Global Ambition;62,07803042
NOS0;NOSOH02;Hub;AC_FL_R;2035;Global Ambition;196,6993794
NOSOH02;NOSOH02;Hub;DC_FB_OH;2035;Global Ambition;715,5891308
NOSOH02;NOSOH02;Hub;DC_FL_OH;2035;Global Ambition;525,6334594
NOS0;NOSOH02;Hub;AC_FB_R;2035;National Trends;62,07803042
NOS0;NOSOH02;Hub;AC_FL_R;2035;National Trends;196,6993794
NOSOH02;NOSOH02;Hub;DC_FB_OH;2035;National Trends;715,5891308
NOSOH02;NOSOH02;Hub;DC_FL_OH;2035;National Trends;525,6334594
NOS0;NOSOH02;Hub;AC_FB_R;2040;Distributed Energy;62,07803042
NOS0;NOSOH02;Hub;AC_FL_R;2040;Distributed Energy;196,6993794
NOSOH02;NOSOH02;Hub;DC_FB_OH;2040;Distributed Energy;715,5891308
NOSOH02;NOSOH02;Hub;DC_FL_OH;2040;Distributed Energy;525,6334594
NOS0;NOSOH02;Hub;AC_FB_R;2040;Global Ambition;62,07803042
NOS0;NOSOH02;Hub;AC_FL_R;2040;Global Ambition;196,6993794
NOSOH02;NOSOH02;Hub;DC_FB_OH;2040;Global Ambition;715,5891308
NOSOH02;NOSOH02;Hub;DC_FL_OH;2040;Global Ambition;525,6334594
NOS0;NOSOH02;Hub;AC_FB_R;2040;National Trends;62,07803042
NOS0;NOSOH02;Hub;AC_FL_R;2040;National Trends;196,6993794
NOSOH02;NOSOH02;Hub;DC_FB_OH;2040;National Trends;715,5891308
NOSOH02;NOSOH02;Hub;DC_FL_OH;2040;National Trends;525,6334594
NOS0;NOSOH02;Hub;AC_FB_R;2045;Distributed Energy;62,07803042
NOS0;NOSOH02;Hub;AC_FL_R;2045;Distributed Energy;196,6993794
NOSOH02;NOSOH02;Hub;DC_FB_OH;2045;Distributed Energy;715,5891308
NOSOH02;NOSOH02;Hub;DC_FL_OH;2045;Distributed Energy;525,6334594
NOS0;NOSOH02;Hub;AC_FB_R;2045;Global Ambition;62,07803042
NOS0;NOSOH02;Hub;AC_FL_R;2045;Global Ambition;196,6993794
NOSOH02;NOSOH02;Hub;DC_FB_OH;2045;Global Ambition;715,5891308
NOSOH02;NOSOH02;Hub;DC_FL_OH;2045;Global Ambition;525,6334594
NOS0;NOSOH02;Hub;AC_FB_R;2045;National Trends;62,07803042
NOS0;NOSOH02;Hub;AC_FL_R;2045;National Trends;196,6993794
NOSOH02;NOSOH02;Hub;DC_FB_OH;2045;National Trends;715,5891308
NOSOH02;NOSOH02;Hub;DC_FL_OH;2045;National Trends;525,6334594
NOS0;NOSOH02;Hub;AC_FB_R;2050;Distributed Energy;62,07803042
NOS0;NOSOH02;Hub;AC_FL_R;2050;Distributed Energy;196,6993794
NOSOH02;NOSOH02;Hub;DC_FB_OH;2050;Distributed Energy;715,5891308
NOSOH02;NOSOH02;Hub;DC_FL_OH;2050;Distributed Energy;525,6334594
NOS0;NOSOH02;Hub;AC_FB_R;2050;Global Ambition;62,07803042
NOS0;NOSOH02;Hub;AC_FL_R;2050;Global Ambition;196,6993794
NOSOH02;NOSOH02;Hub;DC_FB_OH;2050;Global Ambition;715,5891308
NOSOH02;NOSOH02;Hub;DC_FL_OH;2050;Global Ambition;525,6334594
NOS0;NOSOH02;Hub;AC_FB_R;2050;National Trends;62,07803042
NOS0;NOSOH02;Hub;AC_FL_R;2050;National Trends;196,6993794
NOSOH02;NOSOH02;Hub;DC_FB_OH;2050;National Trends;715,5891308
NOSOH02;NOSOH02;Hub;DC_FL_OH;2050;National Trends;525,6334594
NOS0;NOSOR01;Radial;AC_FB_R;2030;Distributed Energy;65,47299769
NOS0;NOSOR01;Radial;AC_FL_R;2030;Distributed Energy;749,7809886
NOS0;NOSOR01;Radial;DC_FB_R;2030;Distributed Energy;29,15485766
NOS0;NOSOR01;Radial;DC_FL_R;2030;Distributed Energy;655,5911561
NOS0;NOSOR01;Radial;AC_FB_R;2030;Global Ambition;65,47299769
NOS0;NOSOR01;Radial;AC_FL_R;2030;Global Ambition;749,7809886
NOS0;NOSOR01;Radial;DC_FB_R;2030;Global Ambition;29,15485766
NOS0;NOSOR01;Radial;DC_FL_R;2030;Global Ambition;655,5911561
NOS0;NOSOR01;Radial;AC_FB_R;2030;National Trends;65,47299769
NOS0;NOSOR01;Radial;AC_FL_R;2030;National Trends;749,7809886
NOS0;NOSOR01;Radial;DC_FB_R;2030;National Trends;29,15485766
NOS0;NOSOR01;Radial;DC_FL_R;2030;National Trends;655,5911561
NOS0;NOSOR01;Radial;AC_FB_R;2035;Distributed Energy;65,47299769
NOS0;NOSOR01;Radial;AC_FL_R;2035;Distributed Energy;749,7809886
NOS0;NOSOR01;Radial;DC_FB_R;2035;Distributed Energy;29,15485766
NOS0;NOSOR01;Radial;DC_FL_R;2035;Distributed Energy;655,5911561
NOS0;NOSOR01;Radial;AC_FB_R;2035;Global Ambition;65,47299769
NOS0;NOSOR01;Radial;AC_FL_R;2035;Global Ambition;749,7809886
NOS0;NOSOR01;Radial;DC_FB_R;2035;Global Ambition;29,15485766
NOS0;NOSOR01;Radial;DC_FL_R;2035;Global Ambition;655,5911561
NOS0;NOSOR01;Radial;AC_FB_R;2035;National Trends;65,47299769
NOS0;NOSOR01;Radial;AC_FL_R;2035;National Trends;749,7809886
NOS0;NOSOR01;Radial;DC_FB_R;2035;National Trends;29,15485766
NOS0;NOSOR01;Radial;DC_FL_R;2035;National Trends;655,5911561
NOS0;NOSOR01;Radial;AC_FB_R;2040;Distributed Energy;65,47299769
NOS0;NOSOR01;Radial;AC_FL_R;2040;Distributed Energy;749,7809886
NOS0;NOSOR01;Radial;DC_FB_R;2040;Distributed Energy;29,15485766
NOS0;NOSOR01;Radial;DC_FL_R;2040;Distributed Energy;655,5911561
NOS0;NOSOR01;Radial;AC_FB_R;2040;Global Ambition;65,47299769
NOS0;NOSOR01;Radial;AC_FL_R;2040;Global Ambition;749,7809886
NOS0;NOSOR01;Radial;DC_FB_R;2040;Global Ambition;29,15485766
NOS0;NOSOR01;Radial;DC_FL_R;2040;Global Ambition;655,5911561
NOS0;NOSOR01;Radial;AC_FB_R;2040;National Trends;65,47299769
NOS0;NOSOR01;Radial;AC_FL_R;2040;National Trends;749,7809886
NOS0;NOSOR01;Radial;DC_FB_R;2040;National Trends;29,15485766
NOS0;NOSOR01;Radial;DC_FL_R;2040;National Trends;655,5911561
NOS0;NOSOR01;Radial;AC_FB_R;2045;Distributed Energy;65,47299769
NOS0;NOSOR01;Radial;AC_FL_R;2045;Distributed Energy;749,7809886
NOS0;NOSOR01;Radial;DC_FB_R;2045;Distributed Energy;29,15485766
NOS0;NOSOR01;Radial;DC_FL_R;2045;Distributed Energy;655,5911561
NOS0;NOSOR01;Radial;AC_FB_R;2045;Global Ambition;65,47299769
NOS0;NOSOR01;Radial;AC_FL_R;2045;Global Ambition;749,7809886
NOS0;NOSOR01;Radial;DC_FB_R;2045;Global Ambition;29,15485766
NOS0;NOSOR01;Radial;DC_FL_R;2045;Global Ambition;655,5911561
NOS0;NOSOR01;Radial;AC_FB_R;2045;National Trends;65,47299769
NOS0;NOSOR01;Radial;AC_FL_R;2045;National Trends;749,7809886
NOS0;NOSOR01;Radial;DC_FB_R;2045;National Trends;29,15485766
NOS0;NOSOR01;Radial;DC_FL_R;2045;National Trends;655,5911561
NOS0;NOSOR01;Radial;AC_FB_R;2050;Distributed Energy;65,47299769
NOS0;NOSOR01;Radial;AC_FL_R;2050;Distributed Energy;749,7809886
NOS0;NOSOR01;Radial;DC_FB_R;2050;Distributed Energy;29,15485766
NOS0;NOSOR01;Radial;DC_FL_R;2050;Distributed Energy;655,5911561
NOS0;NOSOR01;Radial;AC_FB_R;2050;Global Ambition;65,47299769
NOS0;NOSOR01;Radial;AC_FL_R;2050;Global Ambition;749,7809886
NOS0;NOSOR01;Radial;DC_FB_R;2050;Global Ambition;29,15485766
NOS0;NOSOR01;Radial;DC_FL_R;2050;Global Ambition;655,5911561
NOS0;NOSOR01;Radial;AC_FB_R;2050;National Trends;65,47299769
NOS0;NOSOR01;Radial;AC_FL_R;2050;National Trends;749,7809886
NOS0;NOSOR01;Radial;DC_FB_R;2050;National Trends;29,15485766
NOS0;NOSOR01;Radial;DC_FL_R;2050;National Trends;655,5911561
PL00;PLOH001;Hub;AC_FB_R;2030;Distributed Energy;9380,015208
PLOH001;PLOH001;Hub;DC_FB_OH;2030;Distributed Energy;623,9847916
PL00;PLOH001;Hub;AC_FB_R;2030;Global Ambition;9380,015208
PLOH001;PLOH001;Hub;DC_FB_OH;2030;Global Ambition;623,9847916
PL00;PLOH001;Hub;AC_FB_R;2030;National Trends;9380,015208
PLOH001;PLOH001;Hub;DC_FB_OH;2030;National Trends;623,9847916
PL00;PLOH001;Hub;AC_FB_R;2035;Distributed Energy;9380,015208
PLOH001;PLOH001;Hub;DC_FB_OH;2035;Distributed Energy;1519,984792
PL00;PLOH001;Hub;AC_FB_R;2035;Global Ambition;9380,015208
PLOH001;PLOH001;Hub;DC_FB_OH;2035;Global Ambition;1519,984792
PL00;PLOH001;Hub;AC_FB_R;2035;National Trends;9380,015208
PLOH001;PLOH001;Hub;DC_FB_OH;2035;National Trends;1519,984792
PL00;PLOH001;Hub;AC_FB_R;2040;Distributed Energy;9380,015208
PLOH001;PLOH001;Hub;DC_FB_OH;2040;Distributed Energy;1519,984792
PL00;PLOH001;Hub;AC_FB_R;2040;Global Ambition;9380,015208
PLOH001;PLOH001;Hub;DC_FB_OH;2040;Global Ambition;1519,984792
PL00;PLOH001;Hub;AC_FB_R;2040;National Trends;9380,015208
PLOH001;PLOH001;Hub;DC_FB_OH;2040;National Trends;1519,984792
PL00;PLOH001;Hub;AC_FB_R;2045;Distributed Energy;9380,015208
PLOH001;PLOH001;Hub;DC_FB_OH;2045;Distributed Energy;1519,984792
PL00;PLOH001;Hub;AC_FB_R;2045;Global Ambition;9380,015208
PLOH001;PLOH001;Hub;DC_FB_OH;2045;Global Ambition;1519,984792
PL00;PLOH001;Hub;AC_FB_R;2045;National Trends;9380,015208
PLOH001;PLOH001;Hub;DC_FB_OH;2045;National Trends;1519,984792
PL00;PLOH001;Hub;AC_FB_R;2050;Distributed Energy;9380,015208
PLOH001;PLOH001;Hub;DC_FB_OH;2050;Distributed Energy;1519,984792
PL00;PLOH001;Hub;AC_FB_R;2050;Global Ambition;9380,015208
PLOH001;PLOH001;Hub;DC_FB_OH;2050;Global Ambition;1519,984792
PL00;PLOH001;Hub;AC_FB_R;2050;National Trends;9380,015208
PLOH001;PLOH001;Hub;DC_FB_OH;2050;National Trends;1519,984792
PT00;PTOH001;Hub;AC_FB_R;2030;Distributed Energy;2000
PT00;PTOH001;Hub;AC_FB_R;2030;Global Ambition;2000
PT00;PTOH001;Hub;AC_FB_R;2030;National Trends;2000
PT00;PTOH001;Hub;AC_FB_R;2035;Distributed Energy;2935,12578
PT00;PTOH001;Hub;AC_FL_R;2035;Distributed Energy;2604,720213
PTOH001;PTOH001;Hub;DC_FB_OH;2035;Distributed Energy;460,1540073
PT00;PTOH001;Hub;AC_FB_R;2035;Global Ambition;2935,12578
PT00;PTOH001;Hub;AC_FL_R;2035;Global Ambition;2604,720213
PTOH001;PTOH001;Hub;DC_FB_OH;2035;Global Ambition;460,1540073
PT00;PTOH001;Hub;AC_FB_R;2035;National Trends;2935,12578
PT00;PTOH001;Hub;AC_FL_R;2035;National Trends;2604,720213
PTOH001;PTOH001;Hub;DC_FB_OH;2035;National Trends;460,1540073
PT00;PTOH001;Hub;AC_FB_R;2040;Distributed Energy;2935,12578
PT00;PTOH001;Hub;AC_FL_R;2040;Distributed Energy;2604,720213
PTOH001;PTOH001;Hub;DC_FB_OH;2040;Distributed Energy;1140,275053
PTOH001;PTOH001;Hub;DC_FL_OH;2040;Distributed Energy;3319,878954
PT00;PTOH001;Hub;AC_FB_R;2040;Global Ambition;2935,12578
PT00;PTOH001;Hub;AC_FL_R;2040;Global Ambition;2604,720213
PTOH001;PTOH001;Hub;DC_FB_OH;2040;Global Ambition;1140,275053
PTOH001;PTOH001;Hub;DC_FL_OH;2040;Global Ambition;3319,878954
PT00;PTOH001;Hub;AC_FB_R;2040;National Trends;2935,12578
PT00;PTOH001;Hub;AC_FL_R;2040;National Trends;2604,720213
PTOH001;PTOH001;Hub;DC_FB_OH;2040;National Trends;1140,275053
PTOH001;PTOH001;Hub;DC_FL_OH;2040;National Trends;3319,878954
PT00;PTOH001;Hub;AC_FB_R;2045;Distributed Energy;2935,12578
PT00;PTOH001;Hub;AC_FL_R;2045;Distributed Energy;2604,720213
PTOH001;PTOH001;Hub;DC_FB_OH;2045;Distributed Energy;1140,275053
PTOH001;PTOH001;Hub;DC_FL_OH;2045;Distributed Energy;3319,878954
PT00;PTOH001;Hub;AC_FB_R;2045;Global Ambition;2935,12578
PT00;PTOH001;Hub;AC_FL_R;2045;Global Ambition;2604,720213
PTOH001;PTOH001;Hub;DC_FB_OH;2045;Global Ambition;1140,275053
PTOH001;PTOH001;Hub;DC_FL_OH;2045;Global Ambition;3319,878954
PT00;PTOH001;Hub;AC_FB_R;2045;National Trends;2935,12578
PT00;PTOH001;Hub;AC_FL_R;2045;National Trends;2604,720213
PTOH001;PTOH001;Hub;DC_FB_OH;2045;National Trends;1140,275053
PTOH001;PTOH001;Hub;DC_FL_OH;2045;National Trends;3319,878954
PT00;PTOH001;Hub;AC_FB_R;2050;Distributed Energy;2935,12578
PT00;PTOH001;Hub;AC_FL_R;2050;Distributed Energy;2604,720213
PTOH001;PTOH001;Hub;DC_FB_OH;2050;Distributed Energy;1140,275053
PTOH001;PTOH001;Hub;DC_FL_OH;2050;Distributed Energy;3319,878954
PT00;PTOH001;Hub;AC_FB_R;2050;Global Ambition;2935,12578
PT00;PTOH001;Hub;AC_FL_R;2050;Global Ambition;2604,720213
PTOH001;PTOH001;Hub;DC_FB_OH;2050;Global Ambition;1140,275053
PTOH001;PTOH001;Hub;DC_FL_OH;2050;Global Ambition;3319,878954
PT00;PTOH001;Hub;AC_FB_R;2050;National Trends;2935,12578
PT00;PTOH001;Hub;AC_FL_R;2050;National Trends;2604,720213
PTOH001;PTOH001;Hub;DC_FB_OH;2050;National Trends;1140,275053
PTOH001;PTOH001;Hub;DC_FL_OH;2050;National Trends;3319,878954
RO00;ROOR001;Radial;AC_FB_R;2030;Distributed Energy;726,4852167
RO00;ROOR001;Radial;DC_FB_R;2030;Distributed Energy;273,5147833
RO00;ROOR001;Radial;AC_FB_R;2030;Global Ambition;726,4852167
RO00;ROOR001;Radial;DC_FB_R;2030;Global Ambition;273,5147833
RO00;ROOR001;Radial;AC_FB_R;2030;National Trends;726,4852167
RO00;ROOR001;Radial;DC_FB_R;2030;National Trends;273,5147833
RO00;ROOR001;Radial;AC_FB_R;2035;Distributed Energy;726,4852167
RO00;ROOR001;Radial;DC_FB_R;2035;Distributed Energy;273,5147833
RO00;ROOR001;Radial;AC_FB_R;2035;Global Ambition;726,4852167
RO00;ROOR001;Radial;DC_FB_R;2035;Global Ambition;273,5147833
RO00;ROOR001;Radial;AC_FB_R;2035;National Trends;726,4852167
RO00;ROOR001;Radial;DC_FB_R;2035;National Trends;273,5147833
RO00;ROOR001;Radial;AC_FB_R;2040;Distributed Energy;726,4852167
RO00;ROOR001;Radial;DC_FB_R;2040;Distributed Energy;273,5147833
RO00;ROOR001;Radial;AC_FB_R;2040;Global Ambition;726,4852167
RO00;ROOR001;Radial;DC_FB_R;2040;Global Ambition;273,5147833
RO00;ROOR001;Radial;AC_FB_R;2040;National Trends;726,4852167
RO00;ROOR001;Radial;DC_FB_R;2040;National Trends;273,5147833
RO00;ROOR001;Radial;AC_FB_R;2045;Distributed Energy;726,4852167
RO00;ROOR001;Radial;DC_FB_R;2045;Distributed Energy;273,5147833
RO00;ROOR001;Radial;AC_FB_R;2045;Global Ambition;726,4852167
RO00;ROOR001;Radial;DC_FB_R;2045;Global Ambition;273,5147833
RO00;ROOR001;Radial;AC_FB_R;2045;National Trends;726,4852167
RO00;ROOR001;Radial;DC_FB_R;2045;National Trends;273,5147833
RO00;ROOR001;Radial;AC_FB_R;2050;Distributed Energy;726,4852167
RO00;ROOR001;Radial;DC_FB_R;2050;Distributed Energy;273,5147833
RO00;ROOR001;Radial;AC_FB_R;2050;Global Ambition;726,4852167
RO00;ROOR001;Radial;DC_FB_R;2050;Global Ambition;273,5147833
RO00;ROOR001;Radial;AC_FB_R;2050;National Trends;726,4852167
RO00;ROOR001;Radial;DC_FB_R;2050;National Trends;273,5147833
SE02;SEOH001;Hub;AC_FB_R;2035;Distributed Energy;1000
SE02;SEOH001;Hub;AC_FB_R;2035;Global Ambition;1000
SE02;SEOH001;Hub;AC_FB_R;2035;National Trends;1000
SE02;SEOH001;Hub;AC_FB_R;2040;Distributed Energy;1000
SE02;SEOH001;Hub;AC_FB_R;2040;Global Ambition;1000
SE02;SEOH001;Hub;AC_FB_R;2040;National Trends;1000
SE02;SEOH001;Hub;AC_FB_R;2045;Distributed Energy;1000
SE02;SEOH001;Hub;AC_FB_R;2045;Global Ambition;1000
SE02;SEOH001;Hub;AC_FB_R;2045;National Trends;1000
SE02;SEOH001;Hub;AC_FB_R;2050;Distributed Energy;3000
SE02;SEOH001;Hub;AC_FB_R;2050;Global Ambition;3000
SE02;SEOH001;Hub;AC_FB_R;2050;National Trends;3000
SE03;SEOH002;Hub;AC_FB_R;2035;Distributed Energy;1400
SE03;SEOH002;Hub;AC_FB_R;2035;Global Ambition;1400
SE03;SEOH002;Hub;AC_FB_R;2035;National Trends;1400
SE03;SEOH002;Hub;AC_FB_R;2040;Distributed Energy;3957,951315
SE03;SEOH002;Hub;AC_FL_R;2040;Distributed Energy;42,61059156
SE03;SEOH002;Hub;DC_FB_R;2040;Distributed Energy;1399,438094
SE03;SEOH002;Hub;AC_FB_R;2040;Global Ambition;3957,951315
SE03;SEOH002;Hub;AC_FL_R;2040;Global Ambition;42,61059156
SE03;SEOH002;Hub;DC_FB_R;2040;Global Ambition;1399,438094
SE03;SEOH002;Hub;AC_FB_R;2040;National Trends;3957,951315
SE03;SEOH002;Hub;AC_FL_R;2040;National Trends;42,61059156
SE03;SEOH002;Hub;DC_FB_R;2040;National Trends;1399,438094
SE03;SEOH002;Hub;AC_FB_R;2045;Distributed Energy;3957,951315
SE03;SEOH002;Hub;AC_FL_R;2045;Distributed Energy;42,61059156
SE03;SEOH002;Hub;DC_FB_R;2045;Distributed Energy;1399,438094
SE03;SEOH002;Hub;AC_FB_R;2045;Global Ambition;3957,951315
SE03;SEOH002;Hub;AC_FL_R;2045;Global Ambition;42,61059156
SE03;SEOH002;Hub;DC_FB_R;2045;Global Ambition;1399,438094
SE03;SEOH002;Hub;AC_FB_R;2045;National Trends;3957,951315
SE03;SEOH002;Hub;AC_FL_R;2045;National Trends;42,61059156
SE03;SEOH002;Hub;DC_FB_R;2045;National Trends;1399,438094
SE03;SEOH002;Hub;AC_FB_R;2050;Distributed Energy;3957,951315
SE03;SEOH002;Hub;AC_FL_R;2050;Distributed Energy;42,61059156
SE03;SEOH002;Hub;DC_FB_R;2050;Distributed Energy;1399,438094
SE03;SEOH002;Hub;AC_FB_R;2050;Global Ambition;3957,951315
SE03;SEOH002;Hub;AC_FL_R;2050;Global Ambition;42,61059156
SE03;SEOH002;Hub;DC_FB_R;2050;Global Ambition;1399,438094
SE03;SEOH002;Hub;AC_FB_R;2050;National Trends;3957,951315
SE03;SEOH002;Hub;AC_FL_R;2050;National Trends;42,61059156
SE03;SEOH002;Hub;DC_FB_R;2050;National Trends;1399,438094
SE04;SEOH003;Hub;AC_FB_R;2030;Distributed Energy;600
SE04;SEOH003;Hub;AC_FB_R;2030;Global Ambition;600
SE04;SEOH003;Hub;AC_FB_R;2030;National Trends;600
SE04;SEOH003;Hub;AC_FB_R;2035;Distributed Energy;4200
SE04;SEOH003;Hub;AC_FB_R;2035;Global Ambition;4200
SE04;SEOH003;Hub;AC_FB_R;2035;National Trends;4200
SE04;SEOH003;Hub;AC_FB_R;2040;Distributed Energy;6200
SE04;SEOH003;Hub;AC_FB_R;2040;Global Ambition;6200
SE04;SEOH003;Hub;AC_FB_R;2040;National Trends;6200
SE04;SEOH003;Hub;AC_FB_R;2045;Distributed Energy;6200
SE04;SEOH003;Hub;AC_FB_R;2045;Global Ambition;6200
SE04;SEOH003;Hub;AC_FB_R;2045;National Trends;6200
SE04;SEOH003;Hub;AC_FB_R;2050;Distributed Energy;6200
SE04;SEOH003;Hub;AC_FB_R;2050;Global Ambition;6200
SE04;SEOH003;Hub;AC_FB_R;2050;National Trends;6200
UKNI;UKNIOR1;Radial;AC_FB_R;2030;Distributed Energy;500
UKNI;UKNIOR1;Radial;AC_FB_R;2030;Global Ambition;500
UKNI;UKNIOR1;Radial;AC_FB_R;2030;National Trends;500
UKNI;UKNIOR1;Radial;AC_FB_R;2035;Distributed Energy;750
UKNI;UKNIOR1;Radial;AC_FB_R;2035;Global Ambition;750
UKNI;UKNIOR1;Radial;AC_FB_R;2035;National Trends;750
UKNI;UKNIOR1;Radial;AC_FB_R;2040;Distributed Energy;999,9216669
UKNI;UKNIOR1;Radial;AC_FL_R;2040;Distributed Energy;0,078333072
UKNI;UKNIOR1;Radial;AC_FB_R;2040;Global Ambition;999,9216669
UKNI;UKNIOR1;Radial;AC_FL_R;2040;Global Ambition;0,078333072
UKNI;UKNIOR1;Radial;AC_FB_R;2040;National Trends;999,9216669
UKNI;UKNIOR1;Radial;AC_FL_R;2040;National Trends;0,078333072
UKNI;UKNIOR1;Radial;AC_FB_R;2045;Distributed Energy;999,9216669
UKNI;UKNIOR1;Radial;AC_FL_R;2045;Distributed Energy;0,078333072
UKNI;UKNIOR1;Radial;AC_FB_R;2045;Global Ambition;999,9216669
UKNI;UKNIOR1;Radial;AC_FL_R;2045;Global Ambition;0,078333072
UKNI;UKNIOR1;Radial;AC_FB_R;2045;National Trends;999,9216669
UKNI;UKNIOR1;Radial;AC_FL_R;2045;National Trends;0,078333072
UKNI;UKNIOR1;Radial;AC_FB_R;2050;Distributed Energy;999,9216669
UKNI;UKNIOR1;Radial;AC_FL_R;2050;Distributed Energy;0,078333072
UKNI;UKNIOR1;Radial;AC_FB_R;2050;Global Ambition;999,9216669
UKNI;UKNIOR1;Radial;AC_FL_R;2050;Global Ambition;0,078333072
UKNI;UKNIOR1;Radial;AC_FB_R;2050;National Trends;999,9216669
UKNI;UKNIOR1;Radial;AC_FL_R;2050;National Trends;0,078333072
UK00;UKOH003;Hub;AC_FB_R;2030;Distributed Energy;7866,016122
UKOH003;UKOH003;Hub;DC_FB_OH;2030;Distributed Energy;4856,970568
UK00;UKOH003;Hub;AC_FB_R;2030;Global Ambition;7866,016122
UKOH003;UKOH003;Hub;DC_FB_OH;2030;Global Ambition;4856,970568
UK00;UKOH003;Hub;AC_FB_R;2030;National Trends;7866,016122
UKOH003;UKOH003;Hub;DC_FB_OH;2030;National Trends;4856,970568
UK00;UKOH003;Hub;AC_FB_R;2035;Distributed Energy;7866,016122
UKOH003;UKOH003;Hub;DC_FB_OH;2035;Distributed Energy;5041,070568
UK00;UKOH003;Hub;AC_FB_R;2035;Global Ambition;7866,016122
UKOH003;UKOH003;Hub;DC_FB_OH;2035;Global Ambition;5041,070568
UK00;UKOH003;Hub;AC_FB_R;2035;National Trends;7866,016122
UKOH003;UKOH003;Hub;DC_FB_OH;2035;National Trends;5041,070568
UK00;UKOH003;Hub;AC_FB_R;2040;Distributed Energy;7866,016122
UKOH003;UKOH003;Hub;DC_FB_OH;2040;Distributed Energy;7961,070568
UK00;UKOH003;Hub;AC_FB_R;2040;Global Ambition;7866,016122
UKOH003;UKOH003;Hub;DC_FB_OH;2040;Global Ambition;7961,070568
UK00;UKOH003;Hub;AC_FB_R;2040;National Trends;7866,016122
UKOH003;UKOH003;Hub;DC_FB_OH;2040;National Trends;7961,070568
UK00;UKOH003;Hub;AC_FB_R;2045;Distributed Energy;7866,016122
UKOH003;UKOH003;Hub;DC_FB_OH;2045;Distributed Energy;8961,070568
UK00;UKOH003;Hub;AC_FB_R;2045;Global Ambition;7866,016122
UKOH003;UKOH003;Hub;DC_FB_OH;2045;Global Ambition;8961,070568
UK00;UKOH003;Hub;AC_FB_R;2045;National Trends;7866,016122
UKOH003;UKOH003;Hub;DC_FB_OH;2045;National Trends;8961,070568
UK00;UKOH003;Hub;AC_FB_R;2050;Distributed Energy;7866,016122
UKOH003;UKOH003;Hub;DC_FB_OH;2050;Distributed Energy;8961,070568
UK00;UKOH003;Hub;AC_FB_R;2050;Global Ambition;7866,016122
UKOH003;UKOH003;Hub;DC_FB_OH;2050;Global Ambition;8961,070568
UK00;UKOH003;Hub;AC_FB_R;2050;National Trends;7866,016122
UKOH003;UKOH003;Hub;DC_FB_OH;2050;National Trends;8961,070568
UK00;UKOH004;Hub;AC_FB_R;2030;Distributed Energy;8192,48441
UK00;UKOH004;Hub;AC_FL_R;2030;Distributed Energy;12,88076124
UKOH004;UKOH004;Hub;DC_FB_OH;2030;Distributed Energy;2807,410019
UK00;UKOH004;Hub;AC_FB_R;2030;Global Ambition;8192,48441
UK00;UKOH004;Hub;AC_FL_R;2030;Global Ambition;12,88076124
UKOH004;UKOH004;Hub;DC_FB_OH;2030;Global Ambition;2807,410019
UK00;UKOH004;Hub;AC_FB_R;2030;National Trends;8192,48441
UK00;UKOH004;Hub;AC_FL_R;2030;National Trends;12,88076124
UKOH004;UKOH004;Hub;DC_FB_OH;2030;National Trends;2807,410019
UK00;UKOH004;Hub;AC_FB_R;2035;Distributed Energy;8192,48441
UK00;UKOH004;Hub;AC_FL_R;2035;Distributed Energy;12,88076124
UKOH004;UKOH004;Hub;DC_FB_OH;2035;Distributed Energy;4387,410019
UK00;UKOH004;Hub;AC_FB_R;2035;Global Ambition;8192,48441
UK00;UKOH004;Hub;AC_FL_R;2035;Global Ambition;12,88076124
UKOH004;UKOH004;Hub;DC_FB_OH;2035;Global Ambition;4387,410019
UK00;UKOH004;Hub;AC_FB_R;2035;National Trends;8192,48441
UK00;UKOH004;Hub;AC_FL_R;2035;National Trends;12,88076124
UKOH004;UKOH004;Hub;DC_FB_OH;2035;National Trends;4387,410019
UK00;UKOH004;Hub;AC_FB_R;2040;Distributed Energy;8192,48441
UK00;UKOH004;Hub;AC_FL_R;2040;Distributed Energy;12,88076124
UKOH004;UKOH004;Hub;DC_FB_OH;2040;Distributed Energy;8431,410019
UK00;UKOH004;Hub;AC_FB_R;2040;Global Ambition;8192,48441
UK00;UKOH004;Hub;AC_FL_R;2040;Global Ambition;12,88076124
UKOH004;UKOH004;Hub;DC_FB_OH;2040;Global Ambition;8431,410019
UK00;UKOH004;Hub;AC_FB_R;2040;National Trends;8192,48441
UK00;UKOH004;Hub;AC_FL_R;2040;National Trends;12,88076124
UKOH004;UKOH004;Hub;DC_FB_OH;2040;National Trends;8431,410019
UK00;UKOH004;Hub;AC_FB_R;2045;Distributed Energy;8192,48441
UK00;UKOH004;Hub;AC_FL_R;2045;Distributed Energy;12,88076124
UKOH004;UKOH004;Hub;DC_FB_OH;2045;Distributed Energy;9431,410019
UK00;UKOH004;Hub;AC_FB_R;2045;Global Ambition;8192,48441
UK00;UKOH004;Hub;AC_FL_R;2045;Global Ambition;12,88076124
UKOH004;UKOH004;Hub;DC_FB_OH;2045;Global Ambition;9431,410019
UK00;UKOH004;Hub;AC_FB_R;2045;National Trends;8192,48441
UK00;UKOH004;Hub;AC_FL_R;2045;National Trends;12,88076124
UKOH004;UKOH004;Hub;DC_FB_OH;2045;National Trends;9431,410019
UK00;UKOH004;Hub;AC_FB_R;2050;Distributed Energy;8192,48441
UK00;UKOH004;Hub;AC_FL_R;2050;Distributed Energy;12,88076124
UKOH004;UKOH004;Hub;DC_FB_OH;2050;Distributed Energy;9431,410019
UK00;UKOH004;Hub;AC_FB_R;2050;Global Ambition;8192,48441
UK00;UKOH004;Hub;AC_FL_R;2050;Global Ambition;12,88076124
UKOH004;UKOH004;Hub;DC_FB_OH;2050;Global Ambition;9431,410019
UK00;UKOH004;Hub;AC_FB_R;2050;National Trends;8192,48441
UK00;UKOH004;Hub;AC_FL_R;2050;National Trends;12,88076124
UKOH004;UKOH004;Hub;DC_FB_OH;2050;National Trends;9431,410019
UK00;UKOH005;Hub;AC_FB_R;2030;Distributed Energy;300
UK00;UKOH005;Hub;AC_FB_R;2030;Global Ambition;300
UK00;UKOH005;Hub;AC_FB_R;2030;National Trends;300
UK00;UKOH005;Hub;AC_FB_R;2035;Distributed Energy;600
UK00;UKOH005;Hub;AC_FB_R;2035;Global Ambition;600
UK00;UKOH005;Hub;AC_FB_R;2035;National Trends;600
UK00;UKOH005;Hub;AC_FB_R;2040;Distributed Energy;875,4238448
UKOH005;UKOH005;Hub;DC_FB_OH;2040;Distributed Energy;2524,576155
UK00;UKOH005;Hub;AC_FB_R;2040;Global Ambition;875,4238448
UKOH005;UKOH005;Hub;DC_FB_OH;2040;Global Ambition;2524,576155
UK00;UKOH005;Hub;AC_FB_R;2040;National Trends;875,4238448
UKOH005;UKOH005;Hub;DC_FB_OH;2040;National Trends;2524,576155
UK00;UKOH005;Hub;AC_FB_R;2045;Distributed Energy;875,4238448
UKOH005;UKOH005;Hub;DC_FB_OH;2045;Distributed Energy;3524,576155
UK00;UKOH005;Hub;AC_FB_R;2045;Global Ambition;875,4238448
UKOH005;UKOH005;Hub;DC_FB_OH;2045;Global Ambition;3524,576155
UK00;UKOH005;Hub;AC_FB_R;2045;National Trends;875,4238448
UKOH005;UKOH005;Hub;DC_FB_OH;2045;National Trends;3524,576155
UK00;UKOH005;Hub;AC_FB_R;2050;Distributed Energy;875,4238448
UKOH005;UKOH005;Hub;DC_FB_OH;2050;Distributed Energy;3524,576155
UK00;UKOH005;Hub;AC_FB_R;2050;Global Ambition;875,4238448
UKOH005;UKOH005;Hub;DC_FB_OH;2050;Global Ambition;3524,576155
UK00;UKOH005;Hub;AC_FB_R;2050;National Trends;875,4238448
UKOH005;UKOH005;Hub;DC_FB_OH;2050;National Trends;3524,576155
UK00;UKOH006;Hub;AC_FB_R;2030;Distributed Energy;3664,193612
UK00;UKOH006;Hub;AC_FL_R;2030;Distributed Energy;1,223772572
UKOH006;UKOH006;Hub;DC_FB_OH;2030;Distributed Energy;6732,672615
UK00;UKOH006;Hub;AC_FB_R;2030;Global Ambition;3664,193612
UK00;UKOH006;Hub;AC_FL_R;2030;Global Ambition;1,223772572
UKOH006;UKOH006;Hub;DC_FB_OH;2030;Global Ambition;6732,672615
UK00;UKOH006;Hub;AC_FB_R;2030;National Trends;3664,193612
UK00;UKOH006;Hub;AC_FL_R;2030;National Trends;1,223772572
UKOH006;UKOH006;Hub;DC_FB_OH;2030;National Trends;6732,672615
UK00;UKOH006;Hub;AC_FB_R;2035;Distributed Energy;3664,193612
UK00;UKOH006;Hub;AC_FL_R;2035;Distributed Energy;1,223772572
UKOH006;UKOH006;Hub;DC_FB_OH;2035;Distributed Energy;18174,96851
UKOH006;UKOH006;Hub;DC_FL_OH;2035;Distributed Energy;12,70410307
UK00;UKOH006;Hub;AC_FB_R;2035;Global Ambition;3664,193612
UK00;UKOH006;Hub;AC_FL_R;2035;Global Ambition;1,223772572
UKOH006;UKOH006;Hub;DC_FB_OH;2035;Global Ambition;18174,96851
UKOH006;UKOH006;Hub;DC_FL_OH;2035;Global Ambition;12,70410307
UK00;UKOH006;Hub;AC_FB_R;2035;National Trends;3664,193612
UK00;UKOH006;Hub;AC_FL_R;2035;National Trends;1,223772572
UKOH006;UKOH006;Hub;DC_FB_OH;2035;National Trends;18174,96851
UKOH006;UKOH006;Hub;DC_FL_OH;2035;National Trends;12,70410307
UK00;UKOH006;Hub;AC_FB_R;2040;Distributed Energy;3664,193612
UK00;UKOH006;Hub;AC_FL_R;2040;Distributed Energy;1,223772572
UKOH006;UKOH006;Hub;DC_FB_OH;2040;Distributed Energy;18174,96851
UKOH006;UKOH006;Hub;DC_FL_OH;2040;Distributed Energy;2812,704103
UK00;UKOH006;Hub;AC_FB_R;2040;Global Ambition;3664,193612
UK00;UKOH006;Hub;AC_FL_R;2040;Global Ambition;1,223772572
UKOH006;UKOH006;Hub;DC_FB_OH;2040;Global Ambition;18174,96851
UKOH006;UKOH006;Hub;DC_FL_OH;2040;Global Ambition;2812,704103
UK00;UKOH006;Hub;AC_FB_R;2040;National Trends;3664,193612
UK00;UKOH006;Hub;AC_FL_R;2040;National Trends;1,223772572
UKOH006;UKOH006;Hub;DC_FB_OH;2040;National Trends;18174,96851
UKOH006;UKOH006;Hub;DC_FL_OH;2040;National Trends;2812,704103
UK00;UKOH006;Hub;AC_FB_R;2045;Distributed Energy;3664,193612
UK00;UKOH006;Hub;AC_FL_R;2045;Distributed Energy;1,223772572
UKOH006;UKOH006;Hub;DC_FB_OH;2045;Distributed Energy;18174,96851
UKOH006;UKOH006;Hub;DC_FL_OH;2045;Distributed Energy;3312,704103
UK00;UKOH006;Hub;AC_FB_R;2045;Global Ambition;3664,193612
UK00;UKOH006;Hub;AC_FL_R;2045;Global Ambition;1,223772572
UKOH006;UKOH006;Hub;DC_FB_OH;2045;Global Ambition;18174,96851
UKOH006;UKOH006;Hub;DC_FL_OH;2045;Global Ambition;3312,704103
UK00;UKOH006;Hub;AC_FB_R;2045;National Trends;3664,193612
UK00;UKOH006;Hub;AC_FL_R;2045;National Trends;1,223772572
UKOH006;UKOH006;Hub;DC_FB_OH;2045;National Trends;18174,96851
UKOH006;UKOH006;Hub;DC_FL_OH;2045;National Trends;3312,704103
UK00;UKOH006;Hub;AC_FB_R;2050;Distributed Energy;3664,193612
UK00;UKOH006;Hub;AC_FL_R;2050;Distributed Energy;1,223772572
UKOH006;UKOH006;Hub;DC_FB_OH;2050;Distributed Energy;18174,96851
UKOH006;UKOH006;Hub;DC_FL_OH;2050;Distributed Energy;3312,704103
UK00;UKOH006;Hub;AC_FB_R;2050;Global Ambition;3664,193612
UK00;UKOH006;Hub;AC_FL_R;2050;Global Ambition;1,223772572
UKOH006;UKOH006;Hub;DC_FB_OH;2050;Global Ambition;18174,96851
UKOH006;UKOH006;Hub;DC_FL_OH;2050;Global Ambition;3312,704103
UK00;UKOH006;Hub;AC_FB_R;2050;National Trends;3664,193612
UK00;UKOH006;Hub;AC_FL_R;2050;National Trends;1,223772572
UKOH006;UKOH006;Hub;DC_FB_OH;2050;National Trends;18174,96851
UKOH006;UKOH006;Hub;DC_FL_OH;2050;National Trends;3312,704103
UK00;UKOR001;Radial;AC_FB_R;2030;Distributed Energy;8975,976664
UK00;UKOR001;Radial;AC_FL_R;2030;Distributed Energy;28,86340481
UK00;UKOR001;Radial;DC_FB_R;2030;Distributed Energy;8528,778032
UK00;UKOR001;Radial;AC_FB_R;2030;Global Ambition;8975,976664
UK00;UKOR001;Radial;AC_FL_R;2030;Global Ambition;28,86340481
UK00;UKOR001;Radial;DC_FB_R;2030;Global Ambition;8528,778032
UK00;UKOR001;Radial;AC_FB_R;2030;National Trends;8975,976664
UK00;UKOR001;Radial;AC_FL_R;2030;National Trends;28,86340481
UK00;UKOR001;Radial;DC_FB_R;2030;National Trends;8528,778032
UK00;UKOR001;Radial;AC_FB_R;2035;Distributed Energy;8975,976664
UK00;UKOR001;Radial;AC_FL_R;2035;Distributed Energy;28,86340481
UK00;UKOR001;Radial;DC_FB_R;2035;Distributed Energy;17320,77803
UK00;UKOR001;Radial;AC_FB_R;2035;Global Ambition;8975,976664
UK00;UKOR001;Radial;AC_FL_R;2035;Global Ambition;28,86340481
UK00;UKOR001;Radial;DC_FB_R;2035;Global Ambition;17320,77803
UK00;UKOR001;Radial;AC_FB_R;2035;National Trends;8975,976664
UK00;UKOR001;Radial;AC_FL_R;2035;National Trends;28,86340481
UK00;UKOR001;Radial;DC_FB_R;2035;National Trends;17320,77803
UK00;UKOR001;Radial;AC_FB_R;2040;Distributed Energy;8975,976664
UK00;UKOR001;Radial;AC_FL_R;2040;Distributed Energy;28,86340481
UK00;UKOR001;Radial;DC_FB_R;2040;Distributed Energy;22023,49577
UK00;UKOR001;Radial;DC_FL_R;2040;Distributed Energy;3612,282264
UK00;UKOR001;Radial;AC_FB_R;2040;Global Ambition;8975,976664
UK00;UKOR001;Radial;AC_FL_R;2040;Global Ambition;28,86340481
UK00;UKOR001;Radial;DC_FB_R;2040;Global Ambition;22023,49577
UK00;UKOR001;Radial;DC_FL_R;2040;Global Ambition;3612,282264
UK00;UKOR001;Radial;AC_FB_R;2040;National Trends;8975,976664
UK00;UKOR001;Radial;AC_FL_R;2040;National Trends;28,86340481
UK00;UKOR001;Radial;DC_FB_R;2040;National Trends;22023,49577
UK00;UKOR001;Radial;DC_FL_R;2040;National Trends;3612,282264
UK00;UKOR001;Radial;AC_FB_R;2045;Distributed Energy;8975,976664
UK00;UKOR001;Radial;AC_FL_R;2045;Distributed Energy;28,86340481
UK00;UKOR001;Radial;DC_FB_R;2045;Distributed Energy;22023,49577
UK00;UKOR001;Radial;DC_FL_R;2045;Distributed Energy;14212,28226
UK00;UKOR001;Radial;AC_FB_R;2045;Global Ambition;8975,976664
UK00;UKOR001;Radial;AC_FL_R;2045;Global Ambition;28,86340481
UK00;UKOR001;Radial;DC_FB_R;2045;Global Ambition;22023,49577
UK00;UKOR001;Radial;DC_FL_R;2045;Global Ambition;14212,28226
UK00;UKOR001;Radial;AC_FB_R;2045;National Trends;8975,976664
UK00;UKOR001;Radial;AC_FL_R;2045;National Trends;28,86340481
UK00;UKOR001;Radial;DC_FB_R;2045;National Trends;22023,49577
UK00;UKOR001;Radial;DC_FL_R;2045;National Trends;14212,28226
UK00;UKOR001;Radial;AC_FB_R;2050;Distributed Energy;8975,976664
UK00;UKOR001;Radial;AC_FL_R;2050;Distributed Energy;28,86340481
UK00;UKOR001;Radial;DC_FB_R;2050;Distributed Energy;22023,49577
UK00;UKOR001;Radial;DC_FL_R;2050;Distributed Energy;14962,28226
UK00;UKOR001;Radial;AC_FB_R;2050;Global Ambition;8975,976664
UK00;UKOR001;Radial;AC_FL_R;2050;Global Ambition;28,86340481
UK00;UKOR001;Radial;DC_FB_R;2050;Global Ambition;22023,49577
UK00;UKOR001;Radial;DC_FL_R;2050;Global Ambition;14962,28226
UK00;UKOR001;Radial;AC_FB_R;2050;National Trends;8975,976664
UK00;UKOR001;Radial;AC_FL_R;2050;National Trends;28,86340481
UK00;UKOR001;Radial;DC_FB_R;2050;National Trends;22023,49577
UK00;UKOR001;Radial;DC_FL_R;2050;National Trends;14962,28226
DE00;DEOH001;FarShoreHub;DC_FB_R;2030;Distributed Energy;8868
DEOH001;DEOH001;FarShoreHub;DC_FB_OH;2030;Distributed Energy;10000
DE00;DEOH001;FarShoreHub;DC_FB_R;2030;Global Ambition;8868
DEOH001;DEOH001;FarShoreHub;DC_FB_OH;2030;Global Ambition;10000
DE00;DEOH001;FarShoreHub;DC_FB_R;2030;National Trends;8868
DEOH001;DEOH001;FarShoreHub;DC_FB_OH;2030;National Trends;10000
DE00;DEOH001;FarShoreHub;DC_FB_R;2035;Distributed Energy;10868
DEOH001;DEOH001;FarShoreHub;DC_FB_OH;2035;Distributed Energy;28000
DE00;DEOH001;FarShoreHub;DC_FB_R;2035;Global Ambition;10868
DEOH001;DEOH001;FarShoreHub;DC_FB_OH;2035;Global Ambition;28000
DE00;DEOH001;FarShoreHub;DC_FB_R;2035;National Trends;10868
DEOH001;DEOH001;FarShoreHub;DC_FB_OH;2035;National Trends;28000
DE00;DEOH001;FarShoreHub;DC_FB_R;2040;Distributed Energy;10468
DEOH001;DEOH001;FarShoreHub;DC_FB_OH;2040;Distributed Energy;42000
DE00;DEOH001;FarShoreHub;DC_FB_R;2040;Global Ambition;10468
DEOH001;DEOH001;FarShoreHub;DC_FB_OH;2040;Global Ambition;42000
DE00;DEOH001;FarShoreHub;DC_FB_R;2040;National Trends;10468
DEOH001;DEOH001;FarShoreHub;DC_FB_OH;2040;National Trends;42000
DE00;DEOH001;FarShoreHub;DC_FB_R;2045;Distributed Energy;9680
DEOH001;DEOH001;FarShoreHub;DC_FB_OH;2045;Distributed Energy;52000
DE00;DEOH001;FarShoreHub;DC_FB_R;2045;Global Ambition;9680
DEOH001;DEOH001;FarShoreHub;DC_FB_OH;2045;Global Ambition;52000
DE00;DEOH001;FarShoreHub;DC_FB_R;2045;National Trends;9680
DEOH001;DEOH001;FarShoreHub;DC_FB_OH;2045;National Trends;52000
DE00;DEOH001;FarShoreHub;DC_FB_R;2050;Distributed Energy;8780
DEOH001;DEOH001;FarShoreHub;DC_FB_OH;2050;Distributed Energy;54000
DE00;DEOH001;FarShoreHub;DC_FB_R;2050;Global Ambition;8780
DEOH001;DEOH001;FarShoreHub;DC_FB_OH;2050;Global Ambition;54000
DE00;DEOH001;FarShoreHub;DC_FB_R;2050;National Trends;8780
DEOH001;DEOH001;FarShoreHub;DC_FB_OH;2050;National Trends;54000
DE00;DEOH002;Hub;AC_FB_R;2030;Distributed Energy;2768,25
DEOH002;DEOH002;Hub;DC_FB_OH;2030;Distributed Energy;1336,3
DE00;DEOH002;Hub;AC_FB_R;2030;Global Ambition;2768,25
DEOH002;DEOH002;Hub;DC_FB_OH;2030;Global Ambition;1336,3
DE00;DEOH002;Hub;AC_FB_R;2030;National Trends;2768,25
DEOH002;DEOH002;Hub;DC_FB_OH;2030;National Trends;1336,3
DE00;DEOH002;Hub;AC_FB_R;2035;Distributed Energy;2768,25
DEOH002;DEOH002;Hub;DC_FB_OH;2035;Distributed Energy;1336,3
DE00;DEOH002;Hub;AC_FB_R;2035;Global Ambition;2768,25
DEOH002;DEOH002;Hub;DC_FB_OH;2035;Global Ambition;1336,3
DE00;DEOH002;Hub;AC_FB_R;2035;National Trends;2768,25
DEOH002;DEOH002;Hub;DC_FB_OH;2035;National Trends;1336,3
DE00;DEOH002;Hub;AC_FB_R;2040;Distributed Energy;3768,25
DEOH002;DEOH002;Hub;DC_FB_OH;2040;Distributed Energy;1336,3
DE00;DEOH002;Hub;AC_FB_R;2040;Global Ambition;3768,25
DEOH002;DEOH002;Hub;DC_FB_OH;2040;Global Ambition;1336,3
DE00;DEOH002;Hub;AC_FB_R;2040;National Trends;3768,25
DEOH002;DEOH002;Hub;DC_FB_OH;2040;National Trends;1336,3
DE00;DEOH002;Hub;AC_FB_R;2045;Distributed Energy;3242,250737
DEOH002;DEOH002;Hub;DC_FB_OH;2045;Distributed Energy;2586,299263
DE00;DEOH002;Hub;AC_FB_R;2045;Global Ambition;3242,250737
DEOH002;DEOH002;Hub;DC_FB_OH;2045;Global Ambition;2586,299263
DE00;DEOH002;Hub;AC_FB_R;2045;National Trends;3242,250737
DEOH002;DEOH002;Hub;DC_FB_OH;2045;National Trends;2586,299263
DE00;DEOH002;Hub;AC_FB_R;2050;Distributed Energy;2519,000737
DEOH002;DEOH002;Hub;DC_FB_OH;2050;Distributed Energy;2586,299263
DE00;DEOH002;Hub;AC_FB_R;2050;Global Ambition;2519,000737
DEOH002;DEOH002;Hub;DC_FB_OH;2050;Global Ambition;2586,299263
DE00;DEOH002;Hub;AC_FB_R;2050;National Trends;2519,000737
DEOH002;DEOH002;Hub;DC_FB_OH;2050;National Trends;2586,299263
DE00;DEOR001;Radial;AC_FB_R;2030;Distributed Energy;3426,602515
DE00;DEOR001;Radial;DC_FB_R;2030;Distributed Energy;4122,147485
DE00;DEOR001;Radial;AC_FB_R;2030;Global Ambition;3426,602515
DE00;DEOR001;Radial;DC_FB_R;2030;Global Ambition;4122,147485
DE00;DEOR001;Radial;AC_FB_R;2030;National Trends;3426,602515
DE00;DEOR001;Radial;DC_FB_R;2030;National Trends;4122,147485
DE00;DEOR001;Radial;AC_FB_R;2035;Distributed Energy;3426,602515
DE00;DEOR001;Radial;DC_FB_R;2035;Distributed Energy;4122,147485
DE00;DEOR001;Radial;AC_FB_R;2035;Global Ambition;3426,602515
DE00;DEOR001;Radial;DC_FB_R;2035;Global Ambition;4122,147485
DE00;DEOR001;Radial;AC_FB_R;2035;National Trends;3426,602515
DE00;DEOR001;Radial;DC_FB_R;2035;National Trends;4122,147485
DE00;DEOR001;Radial;AC_FB_R;2040;Distributed Energy;3364,602515
DE00;DEOR001;Radial;DC_FB_R;2040;Distributed Energy;4122,147485
DE00;DEOR001;Radial;AC_FB_R;2040;Global Ambition;3364,602515
DE00;DEOR001;Radial;DC_FB_R;2040;Global Ambition;4122,147485
DE00;DEOR001;Radial;AC_FB_R;2040;National Trends;3364,602515
DE00;DEOR001;Radial;DC_FB_R;2040;National Trends;4122,147485
DE00;DEOR001;Radial;AC_FB_R;2045;Distributed Energy;111
DE00;DEOR001;Radial;DC_FB_R;2045;Distributed Energy;3549,75
DE00;DEOR001;Radial;AC_FB_R;2045;Global Ambition;111
DE00;DEOR001;Radial;DC_FB_R;2045;Global Ambition;3549,75
DE00;DEOR001;Radial;AC_FB_R;2045;National Trends;111
DE00;DEOR001;Radial;DC_FB_R;2045;National Trends;3549,75
DE00;DEOR001;Radial;DC_FB_R;2050;Distributed Energy;2699,75
DE00;DEOR001;Radial;DC_FB_R;2050;Global Ambition;2699,75
DE00;DEOR001;Radial;DC_FB_R;2050;National Trends;2699,75